SKU,ASIN,Category,Product,Colours,Size,Fairtex MSRP in USD,MSRP per Fairtex in CAD
8859368926093-TS7-Black-S,B0B4HG6D15,Teeshirt,TS7,Black,Small,44.99,63.76
8859368926109-TS7-Black-M,B0B4HFZVGK,Teeshirt,TS7,Black,Medium,44.99,63.76
8859368926116-TS7-Black-L,B0B4HGLQTK,Teeshirt,TS7,Black,Large,44.99,63.76
8859368931080-TST51-Black/Blue-S,B0CFRFZYZX,Teeshirt,TST51,Black/Blue,Small,44.99,63.76
8859368931097-TST51-Black/Blue-M,B08S9596NX,Teeshirt,TST51,Black/Blue,Medium,44.99,63.76
8859368931103-TST51-Black/Blue-L,B08S9MDV4D,Teeshirt,TST51,Black/Blue,Large,44.99,63.76
8859368931110-TST51-Black/Blue-XL,B08RDBHHJS,Teeshirt,TST51,Black/Blue,XLarge,44.99,63.76
8859368946114-TS7-Black-XL,B0C9F1YV9H,Teeshirt,TS7,Black,Extra Large,44.99,63.76
8859368946206-TST51-White/Blue-S,B0B16CPQ4M,Teeshirt,TST51,White/Blue,Small,44.99,63.76
8859368947609-TST7-Black-S,B0C9DWCN4B,Teeshirt,TST7,Black,Small,44.99,63.76
8859368947616-TST7-Black-M,B0C9DXKB87,Teeshirt,TST7,Black,Medium,44.99,63.76
8859368947623-TST7-Black-L,B0C9DYZ55K,Teeshirt,TST7,Black,Large,44.99,63.76
8859368947630-TST7-Black-XL,B0BVYNFV7G,Teeshirt,TST7,Black,XLarge,44.99,63.76
8859368951569-JS10-White/Black-M,B0CKWDPK9R,Teeshirt,JS10,White/Black,Medium,44.99,63.76
8859368951576-JS10-White/Black-L,B0CKWHKCNL,Teeshirt,JS10,White/Black,Large,44.99,63.76
8859368951583-JS10-White/Black-XL,B0CKWDZRSK,Teeshirt,JS10,White/Black,XLarge,44.99,63.76
8859368962251-TST148-Black/Silver-S,B0B15QZ6V1,Teeshirt,TST148,Black/Silver,Small,44.99,63.76
8859368962558-TST148-Black/Light Green-S,B0B15MDXCJ,Teeshirt,TST148,Black/Light Green,Small,44.99,63.76
8859368964668-JS11-Black-S,B0CR1RDQY8,Teeshirt,JS11,Black,Small,44.99,63.76
8859368964675-JS11-Black-M,B0CKWFB5KM,Teeshirt,JS11,Black,Medium,44.99,63.76
8859368964682-JS11-Black-L,B0CKWGQRWX,Teeshirt,JS11,Black,Large,44.99,63.76
8859368964699-JS11-Black-XL,B0CKWHMXKZ,Teeshirt,JS11,Black,XLarge,44.99,63.76
8859368968536-TST163-Blue-M,B0B9B3YRCV,Teeshirt,TST163,Blue,Medium,44.99,63.76
8859368968543-TST163-Blue-L,B0B9B2DSHR,Teeshirt,TST163,Blue,Large,44.99,63.76
8859368968550-TST163-Blue-XL,B0B9B3KDF1,Teeshirt,TST163,Blue,XLarge,44.99,63.76
8859368968581-TST163-Gray-M,B0B9B21NWB,Teeshirt,TST163,Gray,Medium,44.99,63.76
8859368968598-TST163-Gray-L,B0B9B1NYNJ,Teeshirt,TST163,Gray,Large,44.99,63.76
8859368968604-TST163-Gray-XL,B0B9B2D3VS,Teeshirt,TST163,Gray,XLarge,44.99,63.76
8859368968628-TST163-Green Olive-S,B0B16FLJ2G,Teeshirt,TST163,Green Olive,Small,44.99,63.76
8859368968635-TST163-Green Olive-M,B0B15PXVYT,Teeshirt,TST163,Green Olive,Medium,44.99,63.76
8859368968642-TST163-Green Olive-L,B0B15NQMZJ,Teeshirt,TST163,Green Olive,Large,44.99,63.76
8859368968659-TST163-Green Olive-XL,B0B16DCCR9,Teeshirt,TST163,Green Olive,XLarge,44.99,63.76
8859368968789-TST164-White-S,B0CKWG12R5,Teeshirt,TST164,White,Small,44.99,63.76
8859368968796-TST164-White-M,B0CKWJSZGB,Teeshirt,TST164,White,Medium,44.99,63.76
8859368968802-TST164-White-L,B0CKWHXMQ3,Teeshirt,TST164,White,Large,44.99,63.76
8859368968819-TST164-White-XL,B0CKWHWQ5X,Teeshirt,TST164,White,XLarge,44.99,63.76
8859368969434-TST166-Black-S,B0CFFXWS9Q,Teeshirt,TST166,Black,Small,44.99,63.76
8859368969441-TST166-Black-M,B0CFFZXYN3,Teeshirt,TST166,Black,Medium,44.99,63.76
8859368969458-TST166-Black-L,B0CFFVH9JD,Teeshirt,TST166,Black,Large,44.99,63.76
8859368969465-TST166-Black-XL,B0CFFZV484,Teeshirt,TST166,Black,XLarge,44.99,63.76
8859368975145-TST149-White-S,B0B16MCNR6,Teeshirt,TST149,White,Small,44.99,63.76
8859368975152-TST149-White-M,B0B3V6N985,Teeshirt,TST149,White,Medium,44.99,63.76
8859368975169-TST149-White-L,B0B1668H68,Teeshirt,TST149,White,Large,44.99,63.76
8859368975176-TST149-Black-S,B0B3V7SPPZ,Teeshirt,TST149,Black,Small,44.99,63.76
8859368975183-TST149-Black-M,B0B3V7MPZJ,Teeshirt,TST149,Black,Medium,44.99,63.76
8859368975190-TST149-Black-L,B0B15RC3P9,Teeshirt,TST149,Black,Large,44.99,63.76
8859368980033-TST177-Black/Red-S,B0BVY5K1T2,Teeshirt,TST177,Black/Red,Small,44.99,63.76
8859368980040-TST177-Black/Red-M,B0B15RPFPV,Teeshirt,TST177,Black/Red,Medium,44.99,63.76
8859368980057-TST177-Black/Red-L,B0BVYS9P3L,Teeshirt,TST177,Black/Red,Large,44.99,63.76
8859368980064-TST177-Black/Red-XL,B0BVY5NWTH,Teeshirt,TST177,Black/Red,XLarge,44.99,63.76
8859368980088-TST177-Black/Gold-S,B0BVYDF13C,Teeshirt,TST177,Black/Gold,Small,44.99,63.76
8859368980095-TST177-Black/Gold-M,B0B16HHVDX,Teeshirt,TST177,Black/Gold,Medium,44.99,63.76
8859368980101-TST177-Black/Gold-L,B0BVY5G8RQ,Teeshirt,TST177,Black/Gold,Large,44.99,63.76
8859368980118-TST177-Black/Gold-XL,B0BVYD24D7,Teeshirt,TST177,Black/Gold,XLarge,44.99,63.76
8859368980125-TST177-Black/Gold-XXL,B0CKWGSL2L,Teeshirt,TST177,Black/Gold,XXLarge,44.99,63.76
8859368980132-TST177-White/Red-S,B0BVXXBZ1P,Teeshirt,TST177,White/Red,Small,44.99,63.76
8859368980149-TST177-White/Red-M,B0B169C4FV,Teeshirt,TST177,White/Red,Medium,44.99,63.76
8859368980156-TST177-White/Red-L,B0BVY47L52,Teeshirt,TST177,White/Red,Large,44.99,63.76
8859368980163-TST177-White/Red-XL,B0BVXQQGXR,Teeshirt,TST177,White/Red,XLarge,44.99,63.76
8859368980170-TST177-White/Red-XXL,B0CR4BD3BW,Teeshirt,TST177,White/Red,XXLarge,44.99,63.76
8859368981504-JS19-Maroon-S,B0BVYNVY7V,Teeshirt,JS19,Maroon,Small,44.99,63.76
8859368981511-JS19-Maroon-M,B0BVYV49GR,Teeshirt,JS19,Maroon,Medium,44.99,63.76
8859368981528-JS19-Maroon-L,B0B97B7KPR,Teeshirt,JS19,Maroon,Large,44.99,63.76
8859368981535-JS19-Maroon-XL,B0B9794WXN,Teeshirt,JS19,Maroon,XLarge,44.99,63.76
8859368981542-JS19-Maroon-XXL,B0CKWGGJN8,Teeshirt,JS19,Maroon,XXLarge,44.99,63.76
8859368981627-JS19-Blue-S,B0BVY32GYQ,Teeshirt,JS19,Blue,Small,44.99,63.76
8859368981634-JS19-Blue-M,B0B978VK2Z,Teeshirt,JS19,Blue,Medium,44.99,63.76
8859368981641-JS19-Blue-L,B0B979GMDK,Teeshirt,JS19,Blue,Large,44.99,63.76
8859368981658-JS19-Blue-XL,B0BVXYGH74,Teeshirt,JS19,Blue,XLarge,44.99,63.76
8859368981665-JS19-Blue-XXL,B0CKWFW5Z7,Teeshirt,JS19,Blue,XXLarge,44.99,63.76
8859368981740-JS19-Gray-S,B0B3W82CRT,Teeshirt,JS19,Gray,Small,44.99,63.76
8859368981757-JS19-Gray-M,B0B3W7S2QT,Teeshirt,JS19,Gray,Medium,44.99,63.76
8859368981764-JS19-Gray-L,B0B3W8CB57,Teeshirt,JS19,Gray,Large,44.99,63.76
8859368981771-JS19-Gray-XL,B0B3W7KSJV,Teeshirt,JS19,Gray,XLarge,44.99,63.76
8859368981788-JS19-Gray-XXL,B0CKWG6ZK8,Teeshirt,JS19,Gray,XXLarge,44.99,63.76
8859368983614-TST180-Black-S,B0BVYCHHNL,Teeshirt,TST180,Black,Small,44.99,63.76
8859368983621-TST180-Black-M,B0BVY2Y7K5,Teeshirt,TST180,Black,Medium,44.99,63.76
8859368983638-TST180-Black-L,B0BVY9TRVT,Teeshirt,TST180,Black,Large,44.99,63.76
8859368983645-TST180-Black-XL,B0BVYP3GRS,Teeshirt,TST180,Black,XLarge,44.99,63.76
8859368983652-TST180-Black-XXL,B0CR1QM7W1,Teeshirt,TST180,Black,XXLarge,44.99,63.76
8859368985700-JS11-Black-XXL,B0CKWFF9FL,Teeshirt,JS11,Black,XXLarge,44.99,63.76
8859368986899-TST190-Black Tiger-S,B0CFFYKHXG,Teeshirt,TST190,Black Tiger,Small,44.99,63.76
8859368986905-TST190-Black Tiger-M,B0CFG11XM6,Teeshirt,TST190,Black Tiger,Medium,44.99,63.76
8859368986912-TST190-Black Tiger-L,B0CFFYF814,Teeshirt,TST190,Black Tiger,Large,44.99,63.76
8859368986929-TST190-Black Tiger-XL,B0CFFZ3CND,Teeshirt,TST190,Black Tiger,XLarge,44.99,63.76
8859368989036-TST51-Black/Blue-XXL,B0CFG23W94,Teeshirt,TST51,Black/Blue,XXLarge,44.99,63.76
8859368997123-TST149-White-XL,B0B1VT2YXG,Teeshirt,TST149,White,XLarge,44.99,63.76
8859368999257-TST149-Black-XL,B0B4D415SQ,Teeshirt,TST149,Black,XLarge,44.99,63.76
8859368999431-TST149-Black-XXL,B0CR1RTVGG,Teeshirt,TST149,Black,XXLarge,44.99,63.76
8859368999455-TST149-White-XXL,B0CR1SPXZ8,Teeshirt,TST149,White,XXLarge,44.99,63.76
8859368999745-TST7-Black-XXL,B0CKWGCH94,Teeshirt,TST7,Black,XXLarge,44.99,63.76
8859368999882-TST164-White-XXL,B0CKWKQWQT,Teeshirt,TST164,White,XXLarge,44.99,63.76
8859368999943-TST166-Black-XXL,B0CFG131N9,Teeshirt,TST166,Black,XXLarge,44.99,63.76
8859368999974-TST190-Black Tiger-XXL,B0CFFZ3GRH,Teeshirt,TST190,Black Tiger,XXLarge,44.99,63.76
8859369000532-USAJersey-S,B0BWC2WTZ9,Teeshirt,JS20,USA,Small,44.99,63.76
8859369000549-USAJersey-M,B0BWCQJMMZ,Teeshirt,JS20,USA,Medium,44.99,63.76
8859369000556-USAJersey-Large,B0B9C88Q47,Teeshirt,JS20,USA,Large,44.99,63.76
8859369000563-USAJersey-X-Large,B0B9GXRQVY,Teeshirt,JS20,USA,XLarge,44.99,63.76
8859369000570-USAJersey-XXL,B0BWCFLVSM,Teeshirt,JS20,USA,XXLarge,44.99,63.76
8859772200512-JS10-White/Black-XXL,B0CLVS839N,Teeshirt,JS10,White/Black,XXLarge,44.99,63.76
8859772238614-TST266-Black-S,B0DQDQS6C3,Teeshirt,TST266,Black,Small,49.99,70.84
8859772238621-TST266-Black-M,B0DQDTCQRT,Teeshirt,TST266,Black,Medium,49.99,70.84
8859772238638-TST266-Black-L,B0DQDQGRWZ,Teeshirt,TST266,Black,Large,49.99,70.84
8859772238645-TST266-Black-XL,B0DQDQRZHF,Teeshirt,TST266,Black,XLarge,49.99,70.84
AS1 - Black/Blue,B07RBFSYN6,Ankle Guard,AS1,Black/Blue,Standard,28.95,41.03
AS1 - Black/Red,B07R99JVXT,Ankle Guard,AS1,Black/Red,Standard,28.95,41.03
AS1 - Green,B07TXN97SD,Ankle Guard,AS1,Green,Standard,28.95,41.03
AS1 - Pink,B07RDWS2GZ,Ankle Guard,AS1,Pink,Standard,28.95,41.03
AS2-Black,B0DP4YDLQT,Ankle Guard,AS2,Black,Standard,28.95,41.03
BAG17-NavyBlue/Yellow/Green,B0D6WDW4PV,,,,,94.99,134.61
BAG2 - Khaki,B0BMVT7JZ2,Equipment Bags,BAG2,Khaki,Standard,94.99,134.61
BAG2-Black,B07PZWLW96,Equipment Bags,BAG2,Black,Standard,94.99,134.61
BAG2-Green,B0B4SXKRWV,,,,,94.99,134.61
BAG4 - Black,B07TYLD26N,Equipment Bags,BAG4,Black,Standard,79.99,113.35
BAG4-Green,B0CSDMX8JK,Equipment Bags,BAG4,Green,Standard,79.99,113.35
BAG9-Black-STD,B0CNRYMZ3N,Equipment Bags,BAG9,Black,Standard,99.99,141.7
BAG9-Blue - STD,B0CNS17GD2,Equipment Bags,BAG9,Blue,Standard,99.99,141.7
BAG9-Green-STD,B0B8C8Y9SZ,Equipment Bags,BAG9,Green,Standard,99.99,141.7
BAG9-Navy Blue-STD,B0CNRXRMZ9,Equipment Bags,BAG9,Navy Blue,Standard,99.99,141.7
BAG9-Purple-STD,B0B2FGX654,Equipment Bags,BAG9,Purple,Standard,99.99,141.7
BGL6-Black-10oz,B097NF6N51,Gloves,BGL6,Black,10 oz,125,177.14
BGL6-Black-12oz,B097TR3QYB,Gloves,BGL6,Black,12 oz,125,177.14
BGL6-Black-14oz,B08WM2PM7Z,Gloves,BGL6,Black,14 oz,125,177.14
BGL6-Black-16oz,B08WM4KX57,Gloves,BGL6,Black,16 oz,125,177.14
BGL6-Black-18oz,B098S2LBZ3,Gloves,BGL6,Black,18 oz,125,177.14
BGL6-Black-8oz,B097NBT92M,Gloves,BGL6,Black,8 oz,125,177.14
BGL6-Blue-10oz,B07RJTQ99V,Gloves,BGL6,Blue,10 oz,125,177.14
BGL6-Blue-12oz,B07TXBY9T5,Gloves,BGL6,Blue,12 oz,125,177.14
BGL6-Blue-14oz,B07TRQ55RH,Gloves,BGL6,Blue,14 oz,125,177.14
BGL6-Blue-16oz,B078V1DD8F,Gloves,BGL6,Blue,16 oz,125,177.14
BGL6-Blue-18oz,B09BFLQX29,Gloves,BGL6,Blue,18 oz,125,177.14
BGL6-Blue-8oz,B099QTP382,Gloves,BGL6,Blue,8 oz,125,177.14
BGL6-Red-10oz,B07TWB6821,Gloves,BGL6,Red,10 oz,125,177.14
BGL6-Red-12oz,B07TXCH88F,Gloves,BGL6,Red,12 oz,125,177.14
BGL6-Red-14oz,B07TS5W9R6,Gloves,BGL6,Red,14 oz,125,177.14
BGL6-Red-16oz,B08WM2XG33,Gloves,BGL6,Red,16 oz,125,177.14
BGL6-Red-18oz,B09NMQYLN5,Gloves,BGL6,Red,18 oz,125,177.14
BGL6-White-10oz,B09NMRHWFJ,Gloves,BGL6,White,10 oz,125,177.14
BGL6-White-12oz,B09NMSFSRQ,Gloves,BGL6,White,12 oz,125,177.14
BGL6-White-14oz,B08WM2NHDP,Gloves,BGL6,White,14 oz,125,177.14
BGL6-White-16oz,B09NMS424P,Gloves,BGL6,White,16 oz,125,177.14
BGL6-White-18oz,B09NMQ9N8B,Gloves,BGL6,White,18 oz,125,177.14
BGL6-White-8oz,B09NMS2STF,Gloves,BGL6,White,8 oz,125,177.14
BGLG1 - Black - 10oz,B07LFBWC8L,Gloves,BGLG1,Black,10 oz,119.99,170.04
BGLG1 - Black - 12oz,B07LFL5CRF,Gloves,BGLG1,Black,12 oz,119.99,170.04
BGLG1 - Black - 14oz,B07LFKHVQ7,Gloves,BGLG1,Black,14 oz,119.99,170.04
BGLG1 - Black - 16oz,B07LFKFV81,Gloves,BGLG1,Black,16 oz,119.99,170.04
BGLG1 - Black - 18oz,B07LFLWVBM,,,,,119.99,170.04
BGLG1 - Black - 6oz,B07LFM32V4,,,,,119.99,170.04
BGLG1 - Black -8oz,B07LFLLBTV,,,,,119.99,170.04
BGLG1 - White - 10oz,B07LFMHYZZ,Gloves,BGLG1,White,10 oz,119.99,170.04
BGLG1 - White - 12oz,B07LFLL8XX,Gloves,BGLG1,White,12 oz,119.99,170.04
BGLG1 - White - 14oz,B07LFKVSGY,Gloves,BGLG1,White,14 oz,119.99,170.04
BGLG1 - White - 16oz,B07LFMG84F,Gloves,BGLG1,White,16 oz,119.99,170.04
BGLG1 - White - 18oz,B07LFKVJDV,,,,,119.99,170.04
BGLG1 - White - 6oz,B07LFMWXZB,,,,,119.99,170.04
BGLG1 - White -8oz,B07LFL1C2V,Gloves,BGLG1,White,8 oz,119.99,170.04
BGLG2 - Black - 10oz,B07LGDR322,Gloves,BGLG2,Black,10 oz,119.99,170.04
BGLG2 - Black - 12oz,B07LGDZ4YW,Gloves,BGLG2,Black,12 oz,119.99,170.04
BGLG2 - Black - 14oz,B07LGHR61T,Gloves,BGLG2,Black,14 oz,119.99,170.04
BGLG2 - Black - 16oz,B07LGD45LC,Gloves,BGLG2,Black,16 oz,119.99,170.04
BGLG2 - Black - 18oz,B07LGCM3K6,,,,,119.99,170.04
BGLG2 - Black - 6oz,B07LGFS9G9,,,,,119.99,170.04
BGLG2 - Black -8oz,B07LGFJ1DP,Gloves,BGLG2,Black,8 oz,119.99,170.04
BGLG2 - White - 10oz,B07LGFWJFC,Gloves,BGLG2,White,10 oz,119.99,170.04
BGLG2 - White - 12oz,B07LGF8KZ8,Gloves,BGLG2,White,12 oz,119.99,170.04
BGLG2 - White - 14oz,B07LGDY4SL,Gloves,BGLG2,White,14 oz,119.99,170.04
BGLG2 - White - 16oz,B07LGDYYYT,Gloves,BGLG2,White,16 oz,119.99,170.04
BGLG2 - White - 6oz,B07LGF8YHQ,,,,,119.99,170.04
BGLG2 - White -8oz,B07LGHC6NW,,,,,119.99,170.04
BGV-GoldenJubilee-10oz,B09F5MCVQK,Gloves,BGV,GoldenJubilee,10 oz,159.95,226.67
BGV-GoldenJubilee-12oz,B09F5XNJ9R,Gloves,BGV,GoldenJubilee,12 oz,159.95,226.67
BGV-GoldenJubilee-14oz,B09F5V7FFM,Gloves,BGV,GoldenJubilee,14 oz,159.95,226.67
BGV-GoldenJubilee-16oz,B09F5JP8BL,Gloves,BGV,GoldenJubilee,16 oz,159.95,226.67
BGV-GoldenJubilee-8oz,B09F5G481J,Gloves,BGV,GoldenJubilee,8 oz,159.95,226.67
BGV-HeartofWarrior-10oz,B09F5JMLVY,Gloves,BGV,HeartofWarrior,10 oz,190,269.25
BGV-HeartofWarrior-12oz,B09F5SCYM9,Gloves,BGV,HeartofWarrior,12 oz,190,269.25
BGV-HeartofWarrior-14oz,B09F5MR6XC,Gloves,BGV,HeartofWarrior,14 oz,190,269.25
BGV-HeartofWarrior-16oz,B09F5FN5X1,Gloves,BGV,HeartofWarrior,16 oz,190,269.25
BGV-HeartofWarrior-8oz,B09F5MJ6LM,Gloves,BGV,HeartofWarrior,8 oz,190,269.25
BGV-Resurrection-10oz,B09FBMQ65X,Gloves,BGV,Resurrection,10 oz,190,269.25
BGV-Resurrection-12oz,B09FB1DLSV,Gloves,BGV,Resurrection,12 oz,190,269.25
BGV-Resurrection-14oz,B09FB1CZL1,Gloves,BGV,Resurrection,14 oz,190,269.25
BGV-Resurrection-16oz,B09FB3QQNR,Gloves,BGV,Resurrection,16 oz,190,269.25
BGV-Resurrection-8oz,B09SKY47NC,Gloves,BGV,Resurrection,8 oz,190,269.25
BGV-Urface-10oz,B09NMP1LFG,Gloves,BGV,URFACE,10 oz,190,269.25
BGV-Urface-12oz,B09NMMKWT1,Gloves,BGV,URFACE,12 oz,189.99,269.23
BGV-Urface-14oz,B09NMMGNP8,Gloves,BGV,URFACE,14 oz,190,269.25
BGV-Urface-16oz,B09NMMTZTH,Gloves,BGV,URFACE,16 oz,190,269.25
BGV-Urface-8oz,B09NMLTPXV,Gloves,BGV,URFACE,8 oz,190,269.25
BGV1 - Black - 8oz,B07G9KZ7DK,Gloves,BGV1,Black,8 oz,120,170.05
BGV1 - Black -16oz,B08TP8LYPH,Gloves,BGV1,Black,16 oz,120,170.05
BGV1 - Black -18oz,B0D1YL3TC6,Gloves,BGV1,Black,18 oz,120,170.05
BGV1 - Black- 12oz,B077RGMZDT,Gloves,BGV1,Black,12 oz,120,170.05
BGV1 - Black- 14oz,B077RHGF5N,Gloves,BGV1,Black,14 oz,120,170.05
BGV1 - Black/White/Pink - 12oz,B07767K2VW,Gloves,BGV1,Black/White/Pink,12 oz,120,170.05
BGV1 - Black/White/Pink - 14oz,B08DNGJXQW,Gloves,BGV1,Black/White/Pink,14 oz,120,170.05
BGV1 - Black/White/Pink - 16oz,B0776758GY,Gloves,BGV1,Black/White/Pink,16 oz,120,170.05
BGV1 - Black/White/Pink - 16oz,B0776758GY,,,,,120,170.05
BGV1 - Black/White/Pink - 8oz,B07NNP8BRS,Gloves,BGV1,Black/White/Pink,8 oz,120,170.05
BGV1 - Black/White/Red - 10oz,B07TYHB9NY,Gloves,BGV1,Black/White/Red,10 oz,120,170.05
BGV1 - Black/White/Red - 16oz,B006K42UPS,Gloves,BGV1,Black/White/Red,16 oz,120,170.05
BGV1 - Black/White/Red - 8oz,B07H8519PY,Gloves,BGV1,Black/White/Red,8 oz,120,170.05
BGV1 - Blue - 12oz,B07HWXBV6H,Gloves,BGV1,Blue,12 oz,120,170.05
BGV1 - Blue - 14oz,B07HX311PX,Gloves,BGV1,Blue,14 oz,120,170.05
BGV1 - Blue/Black/White - 12oz,B07PVPYGS6,Gloves,BGV1,Blue/Black/White,12 oz,120,170.05
BGV1 - Dark Cloud - 10oz,B073Z5VWDV,Gloves,BGV1,Dark Cloud,10 oz,135,191.31
BGV1 - Dark Cloud - 14oz,B073Z5Q95T,Gloves,BGV1,Dark Cloud,14 oz,135,191.31
BGV1 - Dark Cloud - 8oz,B07G9M2GR6,Gloves,BGV1,Dark Cloud,8 oz,135,191.31
BGV1 - Nation Black - 10oz,B07G9MWB3T,Gloves,BGV1,Nation Black,10 oz,135,191.31
BGV1 - Nation Black - 12oz,B07TS5WHBM,Gloves,BGV1,Nation Black,12 oz,135,191.31
BGV1 - Nation Black - 14oz,B07DTDX4L4,Gloves,BGV1,Nation Black,14 oz,135,191.31
BGV1 - Nation Black - 16oz,B07G9N7YKS,Gloves,BGV1,Nation Black,16 oz,135,191.31
BGV1 - Nation Black - 8oz,B07G9RDKGN,,,,,135,191.31
BGV1 - Nation Blue - 10oz,B07G9MP42M,Gloves,BGV1,Nation Blue,10 oz,134.99,191.29
BGV1 - Nation Blue - 14oz,B08C2CSJCB,Gloves,BGV1,Nation Blue,14 oz,135,191.31
BGV1 - Nation Blue - 8oz,B07G9NWKJ1,Gloves,BGV1,Nation Blue,8 oz,135,191.31
BGV1 - Nation Pink - 10oz,B07DT9VK89,Gloves,BGV1,Nation Pink,10 oz,135,191.31
BGV1 - Nation Pink - 16oz,B081ZGBQR4,Gloves,BGV1,Nation Pink,16 oz,135,191.31
BGV1 - Nation Pink - 8oz,B07G9NWKHZ,Gloves,BGV1,Nation Pink,8 oz,134.99,191.29
BGV1 - Nation Red - 10oz,B07G9N8RYC,Gloves,BGV1,Nation Red,10 oz,134.99,191.29
BGV1 - Nation Red - 16oz,B07G9PQ6XN,Gloves,BGV1,Nation Red,16 oz,135,191.31
BGV1 - Nation White - 14oz,B07GCQB73R,Gloves,BGV1,Nation White,14 oz,135,191.31
BGV1 - Nation White - 8oz,B07B3JP8BM,Gloves,BGV1,Nation White,8 oz,135,191.31
BGV1 - Nation White -10oz,B08TPSXV9S,Gloves,BGV1,Nation White,10 oz,135,191.31
BGV1 - Nation Yellow - 10oz,B07G9SQ53P,Gloves,BGV1,Nation Yellow,10 oz,135,191.31
BGV1 - Nation Yellow - 12oz,B07HWSXZ3X,Gloves,BGV1,Nation Yellow,12 oz,135,191.31
BGV1 - Nation Yellow - 14oz,B07GM8Z4DR,Gloves,BGV1,Nation Yellow,14 oz,135,191.31
BGV1 - Nation Yellow - 8oz,B07G9PWTVL,Gloves,BGV1,Nation Yellow,8 oz,135,191.31
BGV1 - Pink - 10oz,B07YYYMPNX,Gloves,BGV1,Pink,10 oz,120,170.05
BGV1 - Pink - 12oz,B07TTFTLBL,Gloves,BGV1,Pink,12 oz,120,170.05
BGV1 - Pink - 14oz,B07TYL3YZ5,Gloves,BGV1,Pink,14 oz,120,170.05
BGV1 - Red - 10oz,B07C36XSDF,Gloves,BGV1,Red,10 oz,120,170.05
BGV1 - Red - 14oz,B077S214TH,Gloves,BGV1,Red,14 oz,120,170.05
BGV1 - Red - 16oz,B0784NDV1D,Gloves,BGV1,Red,16 oz,120,170.05
BGV1 - Red- 12oz,B0784MZ9WZ,Gloves,BGV1,Red,12 oz,120,170.05
BGV1 - Red/Black/White - 14oz,B07X63XHGH,Gloves,BGV1,Red/Black/White,14 oz,120,170.05
BGV1 - Red/Black/White - 16oz,B08DR3R38X,Gloves,BGV1,Red/Black/White,16 oz,120,170.05
BGV1 - Red/Black/White - 8oz,B08GL2DPFV,Gloves,BGV1,Red/Black/White,8 oz,120,170.05
BGV1 - Red/White/Black - 10oz,B08DR3NVQP,Gloves,BGV1,Red/White/Black,10 oz,120,170.05
BGV1 - USA - 14oz,B00IS8RX1A,Gloves,BGV1,USA,14 oz,135,191.31
BGV1 - USA - 16oz,B00IS8RTMS,Gloves,BGV1,USA,16 oz,135,191.31
BGV1 - White - 12oz,B07HGFSHJC,Gloves,BGV1,White,12 oz,120,170.05
BGV1 - White - 16oz,B076JNGVNB,Gloves,BGV1,White,16 oz,120,170.05
BGV1 - White/Black/Red - 12oz,B08DR4M4D3,Gloves,BGV1,White/Black/Red,12 oz,120,170.05
BGV1 - White/Black/Red - 14oz,B08DR5146J,Gloves,BGV1,White/Black/Red,14 oz,120,170.05
BGV1 - White/Black/Red - 16oz,B08DQND82H,Gloves,BGV1,White/Black/Red,16 oz,120,170.05
BGV1 - Yellow - 10oz,B07TWK9Z9V,Gloves,BGV1,Yellow,10 oz,120,170.05
BGV1 - Yellow - 12oz,B078P3PGYD,Gloves,BGV1,Yellow,12 oz,120,170.05
BGV1 - Yellow - 14oz,B078P2KC5H,Gloves,BGV1,Yellow,14 oz,120,170.05
BGV1 - Yellow - 16oz,B078P1HKMK,Gloves,BGV1,Yellow,16 oz,120,170.05
BGV1- Black - 10oz,B07HWPJL61,Gloves,BGV1,Black,10 oz,120,170.05
BGV1- White - 10oz,B07GM99JNH,Gloves,BGV1,White,10 oz,120,170.05
BGV1-Black-4oz,B082VX62K6,Gloves,BGV1,Black,4 oz,95,134.62
BGV1-Black-6oz,B082VWWCS4,Gloves,BGV1,Black,6 oz,95,134.62
BGV1-Black/White/Pink-10oz,B08TWG2FDK,Gloves,BGV1,Black/White/Pink,10 oz,120,170.05
BGV1-Black/White/Red-12oz,B006K42U7G,Gloves,BGV1,Black/White/Red,12 oz,120,170.05
BGV1-Black/White/Red-14oz,B07FRTKXKZ,Gloves,BGV1,Black/White/Red,14 oz,120,170.05
BGV1-Blue-10oz,B07G9MCDJY,Gloves,BGV1,Blue,10 oz,120,170.05
BGV1-Blue-16oz,B07HWWPHY1,Gloves,BGV1,Blue,16 oz,120,170.05
BGV1-Blue-4oz,B082VWTPM4,Gloves,BGV1,Blue,4 oz,95,134.62
BGV1-Blue-8oz,B07G9M2W4Y,Gloves,BGV1,Blue,8 oz,120,170.05
BGV1-Blue/Black/White-10oz,B07PWM6NV3,Gloves,BGV1,Blue/Black/White,10 oz,120,170.05
BGV1-Blue/Black/White-14oz,B07PYY6FH4,Gloves,BGV1,Blue/Black/White,14 oz,120,170.05
BGV1-Blue/Black/White-16oz,B07PZVTRXR,Gloves,BGV1,Blue/Black/White,16 oz,120,170.05
BGV1-Blue/Black/White-8oz,B07Q3XSSHS,Gloves,BGV1,Blue/Black/White,8 oz,120,170.05
BGV1-Blue/White/Black-12oz,B08TWCYKV1,Gloves,BGV1,Blue/White/Black,12 oz,120,170.05
BGV1-Blue/White/Black-14oz,B08TW7ZHTM,Gloves,BGV1,Blue/White/Black,14 oz,120,170.05
BGV1-Blue/White/Black-16oz,B08TWDWZ6P,Gloves,BGV1,Blue/White/Black,16 oz,120,170.05
BGV1-Dark Cloud-16oz,B073YZB6BH,Gloves,BGV1,Dark Cloud,16 oz,135,191.31
BGV1-DarkCloud-12oz,B078LXRG6N,Gloves,BGV1,Dark Cloud,12 oz,135,191.31
BGV1-Falcon Gold-10oz,B07G9N8NF2,Gloves,BGV1,Falcon Gold,10 oz,165,233.82
BGV1-Falcon Gold-12oz,B07G9S6THM,Gloves,BGV1,Falcon Gold,12 oz,165,233.82
BGV1-Falcon Gold-14oz,B078QCZJWH,Gloves,BGV1,Falcon Gold,14 oz,165,233.82
BGV1-Falcon Gold-16oz,B079478L6Y,Gloves,BGV1,Falcon Gold,16 oz,165,233.82
BGV1-Falcon Gold-8oz,B07G9NQ4JJ,Gloves,BGV1,Falcon Gold,8 oz,165,233.82
BGV1-Nation Black-8oz,B07G9RDKGN,Gloves,BGV1,Nation Black,8 oz,135,191.31
BGV1-Nation Blue-12oz,B07ZDGXSMX,Gloves,BGV1,Nation Blue,12 oz,135,191.31
BGV1-Nation Blue-16oz,B07C9TLZJD,Gloves,BGV1,Nation Blue,16 oz,135,191.31
BGV1-Nation Blue-18oz,B07CDF7LZF,Gloves,BGV1,,,134.99,191.29
BGV1-Nation Pink-12oz,B07HWX7MSJ,Gloves,BGV1,Nation Pink,12 oz,135,191.31
BGV1-Nation Pink-14oz,B08TP8MC48,Gloves,BGV1,Nation Pink,14 oz,135,191.31
BGV1-Nation Pink-18oz,B081ZGG5WR,Gloves,BGV1,,,134.99,191.29
BGV1-Nation Red-12oz,B07G9Q9NYM,Gloves,BGV1,Nation Red,12 oz,135,191.31
BGV1-Nation Red-14oz,B00IS8RSG0,Gloves,BGV1,Nation Red,14 oz,135,191.31
BGV1-Nation Red-18oz,B081S94JQ9,Gloves,BGV1,,,134.99,191.29
BGV1-Nation Red-8oz,B07G9MWJ8W,Gloves,BGV1,Nation Red,8 oz,135,191.31
BGV1-Nation White-16oz,B07F6JJ7PW,Gloves,BGV1,Nation White,16 oz,135,191.31
BGV1-Nation Yellow-16oz,B07GGZ6YK7,Gloves,BGV1,Nation Yellow,16 oz,135,191.31
BGV1-NationWhite-12oz,B08TP4XT2F,Gloves,BGV1,NationWhite,12 oz,135,191.31
BGV1-Pink-16oz,B08TW7CPZH,Gloves,BGV1,Pink,16 oz,120,170.05
BGV1-Pink-8oz,B07G9NR5Q2,Gloves,BGV1,Pink,8 oz,120,170.05
BGV1-Red-6oz,B082VWZQ1B,Gloves,BGV1,Red,6 oz,95,134.62
BGV1-Red-8oz,B00KQG9RKW,Gloves,BGV1,Red,8 oz,120,170.05
BGV1-Red/Black/White-10oz,B07VBMSSPL,Gloves,BGV1,Red/Black/White,10 oz,120,170.05
BGV1-Red/Black/White-12oz,B07X43FYCC,Gloves,BGV1,Red/Black/White,12 oz,120,170.05
BGV1-Red/White/Black-12oz,B08TWDW1X2,Gloves,BGV1,Red/White/Black,12 oz,120,170.05
BGV1-Red/White/Black-14oz,B08TWF7M6C,Gloves,BGV1,Red/White/Black,14 oz,120,170.05
BGV1-Red/White/Black-16oz,B08TWFKP4L,Gloves,BGV1,Red/White/Black,16 oz,120,170.05
BGV1-Red/White/Black-8oz,B08TWFHMB4,Gloves,BGV1,Red/White/Black,8 oz,120,170.05
BGV1-Thai Pride-10oz,B00I4JI2A4,Gloves,BGV1,Thai Pride,10 oz,135,191.31
BGV1-Thai Pride-12oz,B00I4JHYLW,Gloves,BGV1,Thai Pride,12 oz,135,191.31
BGV1-Thai Pride-14oz,B00I4JHYQC,Gloves,BGV1,Thai Pride,14 oz,135,191.31
BGV1-Thai Pride-16oz,B00I4JHYPI,Gloves,BGV1,Thai Pride,16 oz,135,191.31
BGV1-Thai Pride-8oz,B07G9MDMDG,Gloves,BGV1,Thai Pride,8 oz,135,191.31
BGV1-USA- 12oz,B07PNT3L9P,Gloves,BGV1,USA,12 oz,135,191.31
BGV1-USA-10oz,B08TPL8BLQ,Gloves,BGV1,USA,10 oz,135,191.31
BGV1-USA-8oz,B07G9QB47G,Gloves,BGV1,USA,8 oz,135,191.31
BGV1-White-14oz,B07HX15ZNP,Gloves,BGV1,White,14 oz,120,170.05
BGV1-White-4oz,B082VXX3M3,Gloves,BGV1,White,4 oz,95,134.62
BGV1-White-6oz,B079TXPNGG,Gloves,BGV1,White,6 oz,95,134.62
BGV1-White-8oz,B07G9PMYGC,Gloves,BGV1,White,8 oz,120,170.05
BGV1-White/Black/Red-10oz,B08TWC8FDV,Gloves,BGV1,White/Black/Red,10 oz,120,170.05
BGV1-White/Black/Red-8oz,B07G9MZCPZ,Gloves,BGV1,White/Black/Red,8 oz,120,170.05
BGV1-Yellow-6oz,B082VX6PTK,Gloves,BGV1,Yellow,6 oz,95,134.62
BGV1-Yellow-8oz,B08TP6XR1Z,Gloves,BGV1,Yellow,8 oz,120,170.05
BGV11 - F-Day - 10oz,B07HX65P1Z,Gloves,BGV11,F-Day,10 oz,150,212.56
BGV11 - F-Day - 12oz,B077QXVH43,Gloves,BGV11,F-Day,12 oz,150,212.56
BGV11 - F-Day - 14oz,B00NB2GI3M,Gloves,BGV11,F-Day,14 oz,150,212.56
BGV11 - F-Day - 16oz,B077QV8VQ6,Gloves,BGV11,F-Day,16 oz,150,212.56
BGV11 - F-Day - 8oz,B07JB94NCK,Gloves,BGV11,F-Day,8 oz,150,212.56
BGV14 - Blue - 10oz,B082849F3S,Gloves,BGV14,Blue,10 oz,135,191.31
BGV14 - Blue - 12oz,B06Y62M7K4,Gloves,BGV14,Blue,12 oz,135,191.31
BGV14 - Blue - 16oz,B06Y62BVTZ,Gloves,BGV14,Blue,16 oz,135,191.31
BGV14 - Blue - 8oz,B082849TF3,Gloves,BGV14,Blue,8 oz,135,191.31
BGV14 - Gray - 12oz,B06Y64P7QS,Gloves,BGV14,Gray,12 oz,135,191.31
BGV14 - Gray - 8oz,B07G9NYJX1,Gloves,BGV14,Gray,8 oz,135,191.31
BGV14 - Pink/White - 10oz,B0776DHJL4,Gloves,BGV14,Pink/White,10 oz,135,191.31
BGV14 - Pink/White - 12oz,B0776HRPTF,Gloves,BGV14,Pink/White,12 oz,135,191.31
BGV14 - Pink/White - 14oz,B08DKFKLHB,Gloves,BGV14,Pink/White,14 oz,135,191.31
BGV14 - Pink/White - 8oz,B08283YQHJ,Gloves,BGV14,Pink/White,8 oz,135,191.31
BGV14 - Red - 10oz,B06Y5RP3MM,Gloves,BGV14,Red,10 oz,135,191.31
BGV14 - Red - 12oz,B06Y5TVDR1,Gloves,BGV14,Red,12 oz,135,191.31
BGV14 - Red - 8oz,B06Y5RKLLY,Gloves,BGV14,Red,8 oz,135,191.31
BGV14 - White - 12oz,B07N2X9KTY,Gloves,BGV14,White,12 oz,135,191.31
BGV14 - White - 14oz,B06Y62PMZ3,Gloves,BGV14,White,14 oz,135,191.31
BGV14 - Yellow - 12oz,B07PDN41MF,Gloves,BGV14,Yellow,12 oz,135,191.31
BGV14-Black-10oz,B07N66KFWC,Gloves,BGV14,Black,10 oz,135,191.31
BGV14-Black-12oz,B077CFLT4X,Gloves,BGV14,Black,12 oz,135,191.31
BGV14-Black-14oz,B07N68MSH3,Gloves,BGV14,Black,14 oz,135,191.31
BGV14-Black-16oz,B076DL1LZW,Gloves,BGV14,Black,16 oz,135,191.31
BGV14-Black-8oz,B08283WHG7,Gloves,BGV14,Black,8 oz,135,191.31
BGV14-Blue-14oz,B06Y5YGF3G,Gloves,BGV14,Blue,14 oz,135,191.31
BGV14-Gray-10oz,B06Y65BGB2,Gloves,BGV14,Gray,10 oz,135,191.31
BGV14-Gray-14oz,B06Y5TZS68,Gloves,BGV14,Gray,14 oz,135,191.31
BGV14-Gray-16oz,B06Y5TP91T,Gloves,BGV14,Gray,16 oz,135,191.31
BGV14-Pink/Black Screen-10oz,B01LQVMCC0,Gloves,BGV14,Pink/Black Screen,10 oz,135,191.31
BGV14-Pink/Black Screen-12oz,B06Y63MMJT,Gloves,BGV14,Pink/Black Screen,12 oz,135,191.31
BGV14-Pink/Black Screen-14oz,B07B67TQHX,Gloves,BGV14,Pink/Black Screen,14 oz,135,191.31
BGV14-Pink/Black Screen-16oz,B06Y64YTVT,Gloves,BGV14,Pink/Black Screen,16 oz,135,191.31
BGV14-Pink/Black Screen-8oz,B06Y5WVF7L,Gloves,BGV14,Pink/Black Screen,8 oz,135,191.31
BGV14-Pink/White-16oz,B0776HH8HT,Gloves,BGV14,Pink/White,16 oz,135,191.31
BGV14-Red-14oz,B01LQVME7I,Gloves,BGV14,Red,14 oz,135,191.31
BGV14-Red-16oz,B06Y5TY1F7,Gloves,BGV14,Red,16 oz,135,191.31
BGV14-White-10oz,B079TN4N38,Gloves,BGV14,White,10 oz,135,191.31
BGV14-White-16oz,B079TM6BD9,Gloves,BGV14,White,16 oz,135,191.31
BGV14-White-18oz,B0D1YN7N7V,Gloves,BGV14,White,18 oz,135,191.31
BGV14-White-8oz,B06Y64CFW9,Gloves,BGV14,White,8 oz,135,191.31
BGV14-Yellow-10oz,B07PF93YMN,Gloves,BGV14,Yellow,10 oz,135,191.31
BGV14-Yellow-14oz,B07PHKN9LW,Gloves,BGV14,Yellow,14 oz,135,191.31
BGV14-Yellow-16oz,B07PJ1JL89,Gloves,BGV14,Yellow,16 oz,135,191.31
BGV14-Yellow-8oz,B07PJPLKQW,Gloves,BGV14,Yellow,8 oz,135,191.31
BGV14B - 14oz,B09QKKCP2V,Gloves,BGV14B,B,14 oz,135,191.31
BGV14B-10oz,B078V2PG39,Gloves,BGV14B,B,10 oz,135,191.31
BGV14B-12oz,B06Y5TWM8F,Gloves,BGV14B,B,12 oz,135,191.31
BGV14B-16oz,B06Y64Q1WD,Gloves,BGV14B,B,16 oz,135,191.31
BGV14B-8oz,B06Y5WSCDS,Gloves,BGV14B,B,8 oz,135,191.31
BGV14BLU-10oz,B079N9H6NN,Gloves,BGV14BLU,BLU,10 oz,135,191.31
BGV14BLU-12oz,B07HX3KRR9,Gloves,BGV14BLU,BLU,12 oz,135,191.31
BGV14BLU-14oz,B07GM6JWD3,Gloves,BGV14BLU,BLU,14 oz,135,191.31
BGV14BLU-16oz,B07TYKQG1J,Gloves,BGV14BLU,BLU,16 oz,135,191.31
BGV14BLU-8oz,B079TN31QH,Gloves,BGV14BLU,BLU,8 oz,135,191.31
BGV14P-10oz,B09QKKZ7J7,Gloves,BGV14P,P,10 oz,135,191.31
BGV14P-12oz,B07CRD1SZF,Gloves,BGV14P,P,12 oz,135,191.31
BGV14P-14oz,B07DBLF492,Gloves,BGV14P,P,14 oz,135,191.31
BGV14P-16oz,B09QKJQ9Q1,Gloves,BGV14P,P,16 oz,135,191.31
BGV14P-8oz,B07HWP5TV4,Gloves,BGV14P,P,8 oz,135,191.31
BGV14PT - Painter - 16oz,B075C4DW23,Gloves,BGV14PT,Painter,16 oz,135,191.31
BGV14PT - Painter - 8oz,B07G9RD666,Gloves,BGV14PT,Painter,8 oz,135,191.31
BGV14PT-Black/White-10oz,B09F5CD9JN,Gloves,BGV14PT,Black/White,10 oz,135,191.31
BGV14PT-Black/White-12oz,B09F5SDT2Y,Gloves,BGV14PT,Black/White,12 oz,135,191.31
BGV14PT-Black/White-14oz,B09F5RWSYD,Gloves,BGV14PT,Black/White,14 oz,135,191.31
BGV14PT-Black/White-16oz,B09F5FZGY7,Gloves,BGV14PT,Black/White,16 oz,135,191.31
BGV14PT-Black/White-8oz,B09F5988Y7,Gloves,BGV14PT,Black/White,8 oz,135,191.31
BGV14PT-Painter-10oz,B07G9NYG57,Gloves,BGV14PT,Painter,10 oz,135,191.31
BGV14PT-Painter-12oz,B075C826N4,Gloves,BGV14PT,Painter,12 oz,135,191.31
BGV14PT-Painter-14oz,B075C3TR7J,Gloves,BGV14PT,Painter,14 oz,135,191.31
BGV14R-10oz,B017BN6098,Gloves,BGV14R,R,10 oz,135,191.31
BGV14R-12oz,B077XMYG3W,Gloves,BGV14R,R,12 oz,135,191.31
BGV14R-14oz,B077XJFKFQ,Gloves,BGV14R,R,14 oz,135,191.31
BGV14R-16oz,B06Y5TWKDV,Gloves,BGV14R,Red,16 oz,135,191.31
BGV14R-8oz,B07G9QNQ4Y,Gloves,BGV14R,R,8 oz,135,191.31
BGV14SB - Solid Black - 10oz,B075C64TPZ,Gloves,BGV14SB,Solid Black,10 oz,135,191.31
BGV14SB - Solid Black - 12oz,B076TCVL8J,Gloves,BGV14SB,Solid Black,12 oz,135,191.31
BGV14SB - Solid Black - 14oz,B075BT8FCD,Gloves,BGV14SB,Solid Black,14 oz,135,191.31
BGV14SB - Solid Black - 16oz,B07141RY1B,Gloves,BGV14SB,Solid Black,16 oz,135,191.31
BGV14SB - Solid Black - 8oz,B072F5DZPG,Gloves,BGV14SB,Solid Black,8 oz,135,191.31
BGV14W-10oz,B06Y64W4T5,Gloves,BGV14W,W,10 oz,135,191.31
BGV14W-12oz,B06Y5TVFVF,Gloves,BGV14W,W,12 oz,135,191.31
BGV14W-14oz,B09QKKGLTX,Gloves,BGV14W,W,14 oz,135,191.31
BGV14W-16oz,B08642V8KM,Gloves,BGV14W,W,16 oz,135,191.31
BGV14W-8oz,B079N6C374,Gloves,BGV14W,W,8 oz,135,191.31
BGV14WR-10oz,B07RZ9M99J,Gloves,BGV14WR,WR,10 oz,135,191.31
BGV14WR-12oz,B08642S43T,Gloves,BGV14WR,WR,12 oz,135,191.31
BGV14WR-14oz,B08643C3KJ,Gloves,BGV14WR,WR,14 oz,135,191.31
BGV14WR-16oz,B01M7N87OS,Gloves,BGV14WR,WR,16 oz,135,191.31
BGV14WR-8oz,B07G9PZHGG,Gloves,BGV14WR,WR,8 oz,135,191.31
BGV14Y-10oz,B07DFCHR8D,Gloves,BGV14Y,Y,10 oz,135,191.31
BGV14Y-12oz,B06Y62BWKW,Gloves,BGV14Y,Y,12 oz,135,191.31
BGV14Y-14oz,B06Y647SC8,Gloves,BGV14Y,Y,14 oz,135,191.31
BGV14Y-16oz,B06Y6291YF,Gloves,BGV14Y,Y,16 oz,135,191.31
BGV14Y-8oz,B06Y5SDXJZ,Gloves,BGV14Y,Y,8 oz,135,191.31
BGV16 - Forest Green - 10oz,B07DF91ZQ4,Gloves,BGV16,Forest Green,10 oz,120,170.05
BGV16 - Forest Green - 12oz,B07KT8PS7P,Gloves,BGV16,Forest Green,12 oz,120,170.05
BGV16 - Forest Green - 14oz,B07DF9KJZP,Gloves,BGV16,Forest Green,14 oz,120,170.05
BGV16 - Forest Green - 16oz,B08DXRNMT6,Gloves,BGV16,Forest Green,16 oz,120,170.05
BGV16 - Khaki - 10oz,B07C3ZCWPT,Gloves,BGV16,Khaki,10 oz,120,170.05
BGV16 - Khaki - 12oz,B07KT8Z47W,Gloves,BGV16,Khaki,12 oz,120,170.05
BGV16 - Khaki - 14oz,B07KT8SKN1,Gloves,BGV16,Khaki,14 oz,120,170.05
BGV16 - Khaki - 16oz,B07X2Z973F,Gloves,BGV16,Khaki,16 oz,120,170.05
BGV16 - Khaki - 8oz,B07N6FY1Q9,Gloves,BGV16,Khaki,8 oz,120,170.05
BGV16 - Maroon - 10oz,B07C3ZSN93,Gloves,BGV16,Maroon,10 oz,120,170.05
BGV16 - Maroon - 12oz,B07H1XFDT2,Gloves,BGV16,Maroon,12 oz,120,170.05
BGV16 - Maroon - 14oz,B07KT74SBK,Gloves,BGV16,Maroon,14 oz,120,170.05
BGV16 - Maroon - 16oz,B07NCLMZD7,Gloves,BGV16,Maroon,16 oz,120,170.05
BGV16 - Maroon - 8oz,B07D2BMTLM,Gloves,BGV16,Maroon,8 oz,120,170.05
BGV16 - Orange - 12oz,B07N6HVMSK,Gloves,BGV16,Orange,12 oz,120,170.05
BGV16 - Orange - 14oz,B07JC9Z3JW,Gloves,BGV16,Orange,14 oz,120,170.05
BGV16 - Orange - 16oz,B07N6HN434,Gloves,BGV16,Orange,16 oz,120,170.05
BGV16 -Forest Green - 8oz,B08F9VDXYY,Gloves,BGV16,Forest Green,8 oz,120,170.05
BGV18 - Gold - 14oz,B07LFLHQPZ,Gloves,BGV18,Gold,14 oz,120,170.05
BGV18 - Gold - 16oz,B07LFCDLDM,Gloves,BGV18,Gold,16 oz,120,170.05
BGV18 - Gold - 18oz,B07LFLNC6Z,Gloves,BGV18,Gold,18 oz,120,170.05
BGV18-Gold-20oz,B0874SL5VC,Gloves,BGV18,Gold,20 oz,120,170.05
BGV19 - Black - 10oz,B09FTJCFK7,Gloves,BGV19,Black,10 oz,120,170.05
BGV19 - Black - 12oz,B09FTL82NM,Gloves,BGV19,Black,12 oz,120,170.05
BGV19 - Black - 14oz,B09FTJ3R9Z,Gloves,BGV19,Black,14 oz,120,170.05
BGV19 - Black - 16oz,B08PTKCCF9,Gloves,BGV19,Black,16 oz,120,170.05
BGV19 - Black - 8oz,B0BN242LZX,,,,,119.99,170.04
BGV19 - Gold - 10oz,B0BN255CSR,Gloves,BGV19,Gold,10 oz,120,170.05
BGV19 - Gold - 12oz,B0BN24DHCM,Gloves,BGV19,Gold,12 oz,120,170.05
BGV19 - Gold - 14 oz,B0BN23H1FZ,Gloves,BGV19,Gold,14 oz,120,170.05
BGV19 - Gold - 16oz,B0BN238SJN,Gloves,BGV19,Gold,16 oz,120,170.05
BGV19 - Khaki - 10oz,B0CQTMDDWN,Gloves,BGV19,Khaki,10 oz,120,170.05
BGV19 - Khaki - 12oz,B0CQTMTFH8,Gloves,BGV19,Khaki,12 oz,120,170.05
BGV19 - Khaki - 14oz,B08PTLD29L,Gloves,BGV19,Khaki,14 oz,120,170.05
BGV19 - Khaki - 16oz,B08PTM3P25,Gloves,BGV19,Khaki,16 oz,120,170.05
BGV19 - Orange - 10oz,B0BN255595,Gloves,BGV19,Orange,10 oz,120,170.05
BGV19 - Orange - 12 oz,B0BN24BL3B,Gloves,BGV19,Orange,12 oz,120,170.05
BGV19 - Orange - 14oz,B0BN24Y9HS,Gloves,BGV19,Orange,14 oz,120,170.05
BGV19 - Orange - 16oz,B0CR1PV514,Gloves,BGV19,Orange,16 oz,120,170.05
BGV19 - Red - 10oz,B0B2M1295C,Gloves,BGV19,Red,10 oz,120,170.05
BGV19 - Red - 12oz,B0B2LY72WD,Gloves,BGV19,Red,12 oz,120,170.05
BGV19 - Red - 14oz,B0B2M74YH5,Gloves,BGV19,Red,14 oz,120,170.05
BGV19 - Red - 16oz,B0B2LZZY27,Gloves,BGV19,Red,16 oz,120,170.05
BGV1BR - Black - 10oz,B07TVGH4VW,Gloves,BGV1BR,Black,10 oz,120,170.05
BGV1BR - Black - 12oz,B0795C6K84,Gloves,BGV1BR,Black,12 oz,120,170.05
BGV1BR - Black - 14oz,B0795D4HXQ,Gloves,BGV1BR,Black,14 oz,120,170.05
BGV1BR - Black - 8oz,B0795DQY7K,Gloves,BGV1BR,Black,8 oz,120,170.05
BGV1BR - Blue - 12oz,B081S2FG53,Gloves,BGV1BR,Blue,12 oz,120,170.05
BGV1BR - Pink - 14oz,B073GZFGX1,Gloves,BGV1BR,Pink,14 oz,120,170.05
BGV1BR - Pink-8oz,B07C9TN3MS,Gloves,BGV1BR,Pink,8 oz,120,170.05
BGV1BR - Red - 14oz,B081SL5CN7,Gloves,BGV1BR,Red,14 oz,120,170.05
BGV1BR - Yellow - 10oz,B0B562HR3V,Gloves,BGV1BR,Yellow,10 oz,120,170.05
BGV1BR - Yellow - 12 oz,B078NZDDMC,Gloves,BGV1BR,Yellow,12 oz,120,170.05
BGV1BR - Yellow - 16 oz,B078NZXCTN,Gloves,BGV1BR,Yellow,16 oz,120,170.05
BGV1BR - Yellow - 8oz,B081S8VWMY,Gloves,BGV1BR,Yellow,8 oz,120,170.05
BGV1BR -White- 8oz,B0BB8MR6CT,Gloves,BGV1BR,White,8 oz,120,170.05
BGV1BR -Yellow - 14oz,B078NXHWG2,Gloves,BGV1BR,Yellow,14 oz,120,170.05
BGV1BR- Red -16oz,B018KKGCJE,Gloves,BGV1BR,Red,16 oz,120,170.05
BGV1BR-Black-16oz,B00KRWCACM,Gloves,BGV1BR,Black,16 oz,120,170.05
BGV1BR-Black16oz,B00KRWCACM,,,,,120,170.05
BGV1BR-Blue-10oz,B0B55WNYNR,Gloves,BGV1BR,Blue,10 oz,120,170.05
BGV1BR-Blue-14oz,B01IW7PPBG,Gloves,BGV1BR,Blue,14 oz,120,170.05
BGV1BR-Blue-16oz,B01IW7PQR4,Gloves,BGV1BR,Blue,16 oz,120,170.05
BGV1BR-Blue-8oz,B0B55V5BN9,Gloves,BGV1BR,Blue,8 oz,120,170.05
BGV1BR-Pink-10oz,B07BTH79MT,Gloves,BGV1BR,Pink,10 oz,120,170.05
BGV1BR-Pink-12oz,B07BTHF28D,Gloves,BGV1BR,Pink,12 oz,120,170.05
BGV1BR-Pink-16oz,B08WH6LKJG,Gloves,BGV1BR,Pink,16 oz,120,170.05
BGV1BR-Red-10oz,B07BT1Y7G1,Gloves,BGV1BR,Red,10 oz,120,170.05
BGV1BR-Red-12oz,B018KKG9WO,Gloves,BGV1BR,Red,12 oz,120,170.05
BGV1BR-Red-8oz,B081S5S3L1,Gloves,BGV1BR,Red,8 oz,120,170.05
BGV1BR-White - 10oz,B0BB8PVS1X,Gloves,BGV1BR,White,10 oz,120,170.05
BGV1BR-White-12oz,B018KLBXC4,Gloves,BGV1BR,White,12 oz,120,170.05
BGV1BR-White-14oz,B07H1WJL3C,Gloves,BGV1BR,White,14 oz,120,170.05
BGV1BR-White-16oz,B07FV2LFXN,Gloves,BGV1BR,White,16 oz,120,170.05
BGV1One - Black - 10oz,B0BMVWR5MJ,Gloves,BGV1 ONE,Black,10 oz,130,184.22
BGV1One - Black - 12oz,B0BMVWPYLT,Gloves,BGV1 ONE,Black,12 oz,130,184.22
BGV1One - Black - 14oz,B0BMVX2Q87,Gloves,BGV1 ONE,Black,14 oz,130,184.22
BGV1One - Black - 16oz,B0BMVTX3MS,Gloves,BGV1 ONE,Black,16 oz,130,184.22
BGV1One - Black - 8oz,B0BMW7S7YB,Gloves,BGV1 ONE,Black,8 oz,130,184.22
BGV1One - Blue - 10oz,B0BMVW9SNF,Gloves,BGV1 ONE,Blue,10 oz,130,184.22
BGV1One - Blue - 14oz,B0BMVX5WL6,Gloves,BGV1 ONE,Blue,14 oz,130,184.22
BGV1One - Blue - 16oz,B0BMVWP737,Gloves,BGV1 ONE,Blue,16 oz,130,184.22
BGV1One - Red - 14oz,B0BMVSX4C8,Gloves,BGV1 ONE,Red,14 oz,130,184.22
BGV1One - Red - 16oz,B0BMVY6LZ5,Gloves,BGV1 ONE,Red,16 oz,130,184.22
BGV1One - White - 10oz,B0BMVW3KM2,Gloves,BGV1 ONE,White,10 oz,130,184.22
BGV1One - White - 12oz,B0BMVVCHQ2,Gloves,BGV1 ONE,White,12 oz,130,184.22
BGV1One - White - 14oz,B0BMW7W629,Gloves,BGV1 ONE,White,14 oz,130,184.22
BGV1One - White - 16oz,B0BMVWSZZC,Gloves,BGV1 ONE,White,16 oz,130,184.22
BGV1One - White - 8oz,B0BMVTQRJK,Gloves,BGV1 ONE,White,8 oz,130,184.22
BGV20-Pastel Blue-10oz,B07TXWW3QD,Gloves,BGV20,Pastel Blue,10 oz,120,170.05
BGV20-Pastel Blue-12oz,B08D7HCDRX,Gloves,BGV20,Pastel Blue,12 oz,120,170.05
BGV20-Pastel Blue-14oz,B08D7HRKC5,Gloves,BGV20,Pastel Blue,14 oz,120,170.05
BGV20-Pastel Blue-16oz,B08D7HRRH9,Gloves,BGV20,Pastel Blue,16 oz,120,170.05
BGV20-Pastel Blue-8oz,B07TWSX572,Gloves,BGV20,Pastel Blue,8 oz,120,170.05
BGV21-Legacy-10oz,B07XBM7YNH,Gloves,BGV21,Legacy,10 oz,120,170.05
BGV21-Legacy-12oz,B07XCQ47BF,Gloves,BGV21,Legacy,12 oz,120,170.05
BGV21-Legacy-14oz,B07TJCLN1X,Gloves,BGV21,Legacy,14 oz,120,170.05
BGV21-Legacy-16oz,B07TLHFBRZ,Gloves,BGV21,Legacy,16 oz,120,170.05
BGV21-Legacy-8oz,B081Z7XHQ4,Gloves,BGV21,Legacy,8 oz,120,170.05
BGV22 - Green Metallic - 10oz,B0B1JPJJXP,Gloves,BGV22,Green Metallic,10 oz,139,196.98
BGV22 - Green Metallic - 12oz,B0B1JR17R5,Gloves,BGV22,Green Metallic,12 oz,139,196.98
BGV22 - Green Metallic - 14oz,B0B1JRZTRX,Gloves,BGV22,Green Metallic,14 oz,139,196.98
BGV22 - Green Metallic - 16oz,B0B1JQ6ZG9,,,,,138.99,196.96
BGV22 - Green Metallic - 8oz,B0B1JND6KT,Gloves,BGV22,Green Metallic,8 oz,139,196.98
BGV22 - Purple Mettalic - 10oz,B0B1KDPPWY,Gloves,BGV22,Purple Mettalic,10 oz,139,196.98
BGV22 - Purple Mettalic - 12oz,B0B1JRJMSW,Gloves,BGV22,Purple Mettalic,12 oz,139,196.98
BGV22 - Purple Mettalic - 14oz,B0B1JS92RR,Gloves,BGV22,Purple Mettalic,14 oz,139,196.98
BGV22 - Purple Mettalic - 16oz,B0B1JPP785,Gloves,BGV22,Purple Mettalic,16 oz,139,196.98
BGV22 - Purple Mettalic - 8oz,B0B1JQP1XG,,,,,138.99,196.96
BGV22 - Red Mettalic - 10oz,B0B1JQNKVJ,Gloves,BGV22,Red Mettalic,10 oz,139,196.98
BGV22 - Red Mettalic - 12oz,B0B1JRMCR1,Gloves,BGV22,Red Mettalic,12 oz,139,196.98
BGV22 - Red Mettalic - 14oz,B0B1JS285Q,Gloves,BGV22,Red Mettalic,14 oz,139,196.98
BGV22 - Red Mettalic - 16oz,B0B1JRPBQ4,Gloves,BGV22,Red Mettalic,16 oz,139,196.98
BGV22 - Red Mettalic - 8oz,B0B1JPQ8VX,Gloves,BGV22,Red Mettalic,8 oz,139,196.98
BGV24-TheBeauty-10oz,B08MV7M139,Gloves,BGV24,TheBeauty,10 oz,139.99,198.38
BGV24-TheBeauty-12oz,B08MV7F876,Gloves,BGV24,TheBeauty,12 oz,140,198.39
BGV24-TheBeauty-14oz,B08MV98CKP,Gloves,BGV24,TheBeauty,14 oz,140,198.39
BGV24-TheBeauty-16oz,B08MV8PCX8,Gloves,BGV24,TheBeauty,16 oz,140,198.39
BGV24-TheBeauty-8oz,B08MV7JNFW,Gloves,BGV24,TheBeauty,8 oz,140,198.39
BGV25 - F-Day2 - 10oz,B08QJ3PCHY,Gloves,BGV25,F-Day2,10 oz,139,196.98
BGV25 - F-Day2 - 12oz,B08QJ24DTM,Gloves,BGV25,F-Day2,12 oz,139,196.98
BGV25 - F-Day2 - 14oz,B08QHZKNP2,Gloves,BGV25,F-Day2,14 oz,139,196.98
BGV25 - F-Day2 - 16oz,B08QJ31WCQ,Gloves,BGV25,F-Day2,16 oz,139,196.98
BGV25 - F-Day2 - 8oz,B08QJ31RCH,Gloves,BGV25,F-Day2,8 oz,139,196.98
BGV26-HarmonySix-10oz,B09F72QC8R,Gloves,BGV26,HarmonySix,10 oz,159.95,226.67
BGV26-HarmonySix-12oz,B09F73HXKP,Gloves,BGV26,HarmonySix,12 oz,159.95,226.67
BGV26-HarmonySix-14oz,B09F71WZ3X,Gloves,BGV26,HarmonySix,14 oz,159.95,226.67
BGV26-HarmonySix-16oz,B09F74K6S1,Gloves,BGV26,HarmonySix,16 oz,159.95,226.67
BGV26-HarmonySix-8oz,B09F73FN5W,Gloves,BGV26,HarmonySix,8 oz,159.95,226.67
BGV5- Black- 10oz,B07B7Q7Q21,Gloves,BGV5,,,134.99,191.29
BGV5- Black/White/Red Piping- 12oz,B08CV6LMHV,Gloves,BGV5,Black/White/Red Piping,12 oz,135,191.31
BGV5- Black/White/Red Piping- 14oz,B08CV6CVSD,Gloves,BGV5,Black/White/Red Piping,14 oz,135,191.31
BGV5- Black/White/Red Piping- 16oz,B07HWZ61KY,Gloves,BGV5,Black/White/Red Piping,16 oz,135,191.31
BGV5- Red- 14oz,B07D41Y7T2,Gloves,BGV5,Red,14 oz,135,191.31
BGV5- Red- 16oz,B0793YCQ2J,Gloves,BGV5,Red,16 oz,135,191.31
BGV5- White- 14oz,B082VWHYMF,Gloves,BGV5,White,14 oz,135,191.31
BGV5- White- 16oz,B082VVYQJ6,Gloves,BGV5,White,16 oz,135,191.31
BGV5-Black-12oz,B00FZYFPP6,Gloves,BGV5,Black,12 oz,135,191.31
BGV5-Black-14oz,B00FZYFPME,Gloves,BGV5,Black,14 oz,135,191.31
BGV5-Black-16oz,B00FZYFPNI,Gloves,BGV5,Black,16 oz,135,191.31
BGV5-Black-18oz,B08642C2W4,Gloves,BGV5,,,135,191.31
BGV5-Red-120z,B07D422NSN,Gloves,BGV5,Red,12 oz,135,191.31
BGV5-White- 12oz,B082VVT7YF,Gloves,BGV5,White,12 oz,135,191.31
BGV5White10oz,B07B7PCZGK,Gloves,BGV5,,,134.99,191.29
BGV6-Black-12oz,B07RDQNPJJ,Gloves,BGV6,Black,12 oz,149,211.15
BGV6-Black-14oz,B07RL2TLX7,Gloves,BGV6,Black,14 oz,149,211.15
BGV6-Black-16oz,B08643Q95N,Gloves,BGV6,Black,16 oz,149,211.15
BGV6-Black/White-12oz,B07HWXDVQ6,Gloves,BGV6,Black/White,12 oz,149,211.15
BGV6-Black/White-14oz,B07HX8WWJY,Gloves,BGV6,Black/White,14 oz,149,211.15
BGV6-Black/White-16oz,B07HWV2TS2,Gloves,BGV6,Black/White,16 oz,149,211.15
BGV6-Black/White/Red-12oz,B08643LK7D,Gloves,BGV6,Black/White/Red,12 oz,149,211.15
BGV6-Black/White/Red-14oz,B08641X3SJ,Gloves,BGV6,Black/White/Red,14 oz,149,211.15
BGV6-Black/White/Red-16oz,B08643GF3X,Gloves,BGV6,Black/White/Red,16 oz,149,211.15
BGV6-Blue-12oz,B08643KDDC,Gloves,BGV6,Blue,12 oz,149,211.15
BGV6-Blue-14oz,B08642X5KS,Gloves,BGV6,Blue,14 oz,149,211.15
BGV6-Blue-16oz,B086438BCD,Gloves,BGV6,Blue,16 oz,149,211.15
BGV6-Red-12oz,B08642GVHT,Gloves,BGV6,Red,12 oz,149,211.15
BGV6-Red-14oz,B08643M777,Gloves,BGV6,Red,14 oz,149,211.15
BGV6-Red-16oz,B08641WHNR,Gloves,BGV6,Red,16 oz,149,211.15
BGV6-Red/White-12oz,B08TB6YT7H,Gloves,BGV6,Red/White,12 oz,149,211.15
BGV6-Red/White-14oz,B08TB6LPHM,Gloves,BGV6,Red/White,14 oz,149,211.15
BGV6-Red/White-16oz,B08TB84SLK,Gloves,BGV6,Red/White,16 oz,149,211.15
BGV6-White-12oz,B08643QN9P,Gloves,BGV6,White,12 oz,149,211.15
BGV6-White-14oz,B086434V2X,Gloves,BGV6,White,14 oz,149,211.15
BGV6-White-16oz,B08643BD45,Gloves,BGV6,White,16 oz,149,211.15
BGV6-Yellow-12oz,B08641Z6TQ,Gloves,BGV6,Yellow,12 oz,149,211.15
BGV6-Yellow-14oz,B08642Z1FN,Gloves,BGV6,Yellow,14 oz,149,211.15
BGV6-Yellow-16oz,B08642RWR4,Gloves,BGV6,Yellow,16 oz,149,211.15
BGV9 - Black- 14oz,B07PNT48N2,Gloves,BGV9,Black,14 oz,149,211.15
BGV9 - Black/Orange/Blk Piping - 10oz,B093WD15C7,Gloves,BGV9,Black/Orange/Blk Piping,10 oz,149,211.15
BGV9 - Black/Pink/Blk Piping - 14oz,B0156V17EU,Gloves,BGV9,Black/Pink/Blk Piping,14 oz,149,211.15
BGV9 - Black/White/Red Piping - 10oz,B092V1951Y,Gloves,BGV9,Black/White/Red Piping,10 oz,149,211.15
BGV9 - Black/White/Red Piping - 12oz,B08LZZ4K2Y,Gloves,BGV9,Black/White/Red Piping,12 oz,149,211.15
BGV9 - Black/White/Red Piping - 14oz,B08PFPFKJY,Gloves,BGV9,Black/White/Red Piping,14 oz,149,211.15
BGV9 - Black/Yellow Piping - 10oz,B07B7PRB9G,Gloves,BGV9,Black/Yellow Piping,10 oz,149,211.15
BGV9 - Black/Yellow/Blk Piping - 10oz,B07FK2VRMQ,Gloves,BGV9,Black/Yellow/Blk Piping,10 oz,149,211.15
BGV9 - Black/Yellow/Blk Piping - 12oz,B0156V17AO,Gloves,BGV9,Black/Yellow/Blk Piping,12 oz,149,211.15
BGV9 - Black/Yellow/Blk Piping - 16oz,B07PXXQYR4,Gloves,BGV9,Black/Yellow/Blk Piping,16 oz,149,211.15
BGV9 - Blue - 10oz,B07XDLRBJT,Gloves,BGV9,Blue,10 oz,149,211.15
BGV9 - Blue - 14oz,B08TP8N6T7,Gloves,BGV9,Blue,14 oz,149,211.15
BGV9 - Blue/Yellow/Blue Piping - 10oz,B095J279FB,,,,,148.99,211.13
BGV9 - Blue/Yellow/Blue Piping - 12oz,B095J18FXW,Gloves,BGV9,Blue/Yellow/Blue Piping,12 oz,149,211.15
BGV9 - Blue/Yellow/Blue Piping - 14oz,B095J5R7CV,,,,,148.99,211.13
BGV9 - Blue/Yellow/Blue Piping - 16oz,B095J3RQK2,Gloves,BGV9,Blue/Yellow/Blue Piping,16 oz,149,211.15
BGV9 - Blue/Yellow/Yellow Pipe - 10oz,B07NPGBNHC,Gloves,BGV9,Blue/Yellow/Yellow Pipe,10 oz,149,211.15
BGV9 - Blue/Yellow/Yellow Pipe - 16 oz,B078LJSNBZ,Gloves,BGV9,Blue/Yellow/Yellow Pipe,16 oz,149,211.15
BGV9 - Pink/Black/Blk Piping - 14oz,B0156V17AE,Gloves,BGV9,Pink/Black/Blk Piping,14 oz,149,211.15
BGV9 - Red/White Piping - 10oz,B08QDHJSLK,Gloves,BGV9,Red/White Piping,10 oz,149,211.15
BGV9 - White/Blue Piping - 14oz,B08DCSVWVG,Gloves,BGV9,White/Blue Piping,14 oz,149,211.15
BGV9 - Yellow/Black/Black Piping - 10oz,B0BGH89GST,Gloves,BGV9,Yellow/Black/Black Piping,10 oz,149,211.15
BGV9 - Yellow/Black/Black Piping - 12oz,B0BBL6YGHC,Gloves,BGV9,Yellow/Black/Black Piping,12 oz,149,211.15
BGV9 - Yellow/Black/Black Piping - 16oz,B0BBL4SDN2,Gloves,BGV9,Yellow/Black/Black Piping,16 oz,149,211.15
BGV9 -Black/White Piping- 10oz,B08MWR6XZ7,Gloves,BGV9,Black/White Piping,10 oz,149,211.15
BGV9 -Blue -16oz,B09QKLQM9Z,Gloves,BGV9,Blue,16 oz,149,211.15
BGV9 -White/Blue Piping -10oz,B093S9LYLT,Gloves,BGV9,White/Blue Piping,10 oz,149,211.15
BGV9- Black-16oz,B0BCPTS14T,Gloves,BGV9,Black,16 oz,149,211.15
BGV9- Black/Yellow/Blk Piping- 18oz,B09PV77ZN7,Gloves,BGV9,Black/Yellow/Blk Piping,18 oz,149,211.15
BGV9- White/Blue Piping- 12oz,B08DCW1NVN,Gloves,BGV9,White/Blue Piping,12 oz,149,211.15
BGV9-Black - 10oz,B09QKJLMBM,Gloves,BGV9,Black,10 oz,149,211.15
BGV9-Black-12oz,B00PAZW8LY,Gloves,BGV9,Black,12 oz,149,211.15
BGV9-Black/Orange/Blk Piping-12oz,B0156V17AY,Gloves,BGV9,Black/Orange/Blk Piping,12 oz,149,211.15
BGV9-Black/Orange/Blk Piping-14oz,B0156V17DQ,Gloves,BGV9,Black/Orange/Blk Piping,14 oz,149,211.15
BGV9-Black/Orange/Blk Piping-16oz,B0156V17G8,Gloves,BGV9,Black/Orange/Blk Piping,16 oz,149,211.15
BGV9-Black/Pink/Blk Piping-10oz,B0B5FHWF61,Gloves,BGV9,Black/Pink/Blk Piping,10 oz,149,211.15
BGV9-Black/Pink/Blk Piping-12oz,B0156V17L8,Gloves,BGV9,Black/Pink/Blk Piping,12 oz,149,211.15
BGV9-Black/Pink/Blk Piping-16oz,B0156V17JU,Gloves,BGV9,Black/Pink/Blk Piping,16 oz,149,211.15
BGV9-Black/White Piping-12oz,B08D8ZKSPX,Gloves,BGV9,Black/White Piping,12 oz,149,211.15
BGV9-Black/White Piping-14oz,B0156TBD1O,Gloves,BGV9,Black/White Piping,14 oz,149,211.15
BGV9-Black/White Piping-16oz,B0156TBD9G,Gloves,BGV9,Black/White Piping,16 oz,149,211.15
BGV9-Black/White/Red-16oz,B075C6JLVS,Gloves,BGV9,Black/White/Red Piping,16 oz,149,211.15
BGV9-Black/Yellow Piping-12oz,B00PAZDYEO,Gloves,BGV9,Black/Yellow Piping,12 oz,149,211.15
BGV9-Black/Yellow Piping-14oz,B08D6FYSWH,Gloves,BGV9,Black/Yellow Piping,14 oz,149,211.15
BGV9-Black/Yellow Piping-16oz,B00PAZDYFI,Gloves,BGV9,Black/Yellow Piping,16 oz,149,211.15
BGV9-Black/Yellow/Blk Piping-14oz,B076DLNB7P,Gloves,BGV9,Black/Yellow/Blk Piping,14 oz,149,211.15
BGV9-Blue-12oz,B01LXYZ9JI,Gloves,BGV9,Blue,12 oz,149,211.15
BGV9-Blue/Yellow/Yellow Pipe-12oz,B078LJTY4X,Gloves,BGV9,Blue/Yellow/Yellow Pipe,12 oz,149,211.15
BGV9-Blue/Yellow/Yellow Pipe-14oz,B078LS141W,Gloves,BGV9,Blue/Yellow/Yellow Pipe,14 oz,149,211.15
BGV9-Orange/Black Piping-10oz,B0B5FJTGBD,Gloves,BGV9,Orange/Black Piping,10 oz,149,211.15
BGV9-Orange/Black Piping-12oz,B08DDCKMB5,Gloves,BGV9,Orange/Black Piping,12 oz,149,211.15
BGV9-Orange/Black Piping-14oz,B0156V175Y,Gloves,BGV9,Orange/Black Piping,14 oz,149,211.15
BGV9-Orange/Black Piping-16oz,B0156V17H2,Gloves,BGV9,Orange/Black Piping,16 oz,149,211.15
BGV9-Pink/Black/Blk Piping-10oz,B0B5P4S3CP,Gloves,BGV9,Pink/Black/Blk Piping,10 oz,149,211.15
BGV9-Pink/Black/Blk Piping-12oz,B0156V17FE,Gloves,BGV9,Pink/Black/Blk Piping,12 oz,149,211.15
BGV9-Pink/Black/Blk Piping-16oz,B0156V17CM,Gloves,BGV9,Pink/Black/Blk Piping,16 oz,149,211.15
BGV9-Red/White Piping-12oz,B0156TBDDW,Gloves,BGV9,Red/White Piping,12 oz,149,211.15
BGV9-Red/White Piping-14oz,B0156TBCWE,Gloves,BGV9,Red/White Piping,14 oz,149,211.15
BGV9-Red/White Piping-16oz,B0156TBD82,Gloves,BGV9,Red/White Piping,16 oz,149,211.15
BGV9-White/Blue Piping-16oz,B0156TBCW4,Gloves,BGV9,White/Blue Piping,16 oz,149,211.15
BGV9-White/Blue/Blue Piping-10oz,B0B7SPFMNR,Gloves,BGV9,White/Blue/Blue Piping,10 oz,149,211.15
BGV9-White/Blue/Blue Piping-12oz,B0B7SLSJXJ,Gloves,BGV9,White/Blue/Blue Piping,12 oz,149,211.15
BGV9-White/Blue/Blue Piping-14oz,B0B7SP14K9,Gloves,BGV9,White/Blue/Blue Piping,14 oz,149,211.15
BGV9-White/Blue/Blue Piping-16oz,B0B7SNX8QD,Gloves,BGV9,White/Blue/Blue Piping,16 oz,149,211.15
BGV9-Yellow/Black/Black Piping-14oz,B0BBKGYPVG,Gloves,BGV9,Yellow/Black/Black Piping,14 oz,149,211.15
BGVG1 - Black - 10oz,B07LGFRCWV,Gloves,BGVG1,Black,10 oz,119.99,170.04
BGVG1 - Black - 12oz,B07LGGF2W2,Gloves,BGVG1,Black,12 oz,119.99,170.04
BGVG1 - Black - 14oz,B07LGHTWBV,Gloves,BGVG1,Black,14 oz,119.99,170.04
BGVG1 - Black - 16oz,B07LG5KWNG,Gloves,BGVG1,Black,16 oz,119.99,170.04
BGVG1 - Black - 8oz,B07LGG8DKD,,,,,119.99,170.04
BGVG1 - White - 10oz,B07LGDDCB7,Gloves,BGVG1,White,10 oz,119.99,170.04
BGVG1 - White - 12oz,B07LGG3MXG,Gloves,BGVG1,White,12 oz,119.99,170.04
BGVG1 - White - 8oz,B07LGFBT1X,,,,,119.99,170.04
BGVG1-White- 14oz,B07LGDNL6G,Gloves,BGVG1,White,14 oz,119.99,170.04
BGVG1-White-16oz,B07LGDLB6C,Gloves,BGVG1,White,16 oz,119.99,170.04
BGVG2 - Black - 10oz,B07LFM2WM5,Gloves,BGVG2,Black,10 oz,119.99,170.04
BGVG2 - Black - 12oz,B07H84FGGN,Gloves,BGVG2,Black,12 oz,119.99,170.04
BGVG2 - Black - 14oz,B0BBJQMM7S,Gloves,BGVG2,Black,14 oz,119.99,170.04
BGVG2 - Black - 16oz,B07LFMKRF3,Gloves,BGVG2,Black,16 oz,119.99,170.04
BGVG2 - Black - 8oz,B07LFNCHHJ,,,,,119.99,170.04
BGVG2 - White - 10oz,B07LFMLWGN,Gloves,BGVG2,White,10 oz,119.99,170.04
BGVG2 - White - 12oz,B07LFMT2C2,Gloves,BGVG2,White,12 oz,119.99,170.04
BGVG2 - White - 14oz,B07LFMKC8N,Gloves,BGVG2,White,14 oz,119.99,170.04
BGVG2 - White - 16oz,B07LFMHLD6,Gloves,BGVG2,White,16 oz,119.99,170.04
BGVG2 - White - 8oz,B07LFMV4C8,,,,,119.99,170.04
BGVG3-Black/Gold-14oz,B0CV4FLX25,Gloves,BGVG3,Black/Gold,14 oz,119.99,170.04
BGVG3-Black/Gold-16oz,B0CV4GC1CP,Gloves,BGVG3,Black/Gold,16 oz,119.99,170.04
BGVG3-White/Gold-14oz,B0CV4GLHLG,Gloves,BGVG3,White/Gold,14 oz,119.99,170.04
BGVG3-White/Gold-16oz,B0CV4GVMM7,Gloves,BGVG3,White/Gold,16 oz,119.99,170.04
BL5 - Orange Scent - 100ml,B08B1VXVRN,Massage Oil,BL5,Orange Scent,100ml,19.99,28.33
BL6-Peppermint Scent-100ml,B0D1YGLTN4,Massage Oil,BL6,Peppermint Scent,100ml,19.99,28.33
BlackTP3,B076PLKGMZ,Thigh Pads,TP3,Black,Standard,230,325.93
BlueTP3,B07FP7TZKH,Thigh Pads,TP3,Blue,Standard,230,325.93
BPV1 - Black/Red,B07FN6RR96,Belly Pads,BPV1,Black/Red,Standard,125,177.14
BPV1-Black/Blue,B006K424RM,Belly Pads,BPV1,Black/Blue,Standard,125,177.14
BPV1-Black/White,B07PMRWBG5,Belly Pads,BPV1,Black/White,Standard,125,177.14
BPV2-Black,B07TSBDY26,Belly Pads,BPV2,Black,Standard,125,177.14
BPV2-Blue,B0864273ZY,Belly Pads,BPV2,Blue,Standard,125,177.14
BPV2-Red,B07TXNB4GZ,Belly Pads,BPV2,Red,Standard,125,177.14
BPV2-White,B07TXN7HKW,Belly Pads,BPV2,White,Standard,125,177.14
BS URFACE - Large,B0B7ZXFD5Z,Slim Cut shorts,BS URFACE,BS URFACE,Large,70,99.2
BS URFACE - Medium,B0B819BS8P,Slim Cut shorts,BS URFACE,BS URFACE,Medium,69.99,99.18
BS URFACE - Small,B0B7ZTZXF7,Slim Cut shorts,BS URFACE,BS URFACE,Small,69.99,99.18
BS URFACE - X-Large,B0B7ZYQ747,Slim Cut shorts,BS URFACE,BS URFACE,XLarge,70,99.2
BS URFACE - XX-Large,B0B7ZSTM8P,Slim Cut shorts,BS URFACE,BS URFACE,XXLarge,69.99,99.18
BS0637 -White- Large,B07JBJFJJ8,Traditional Shorts,BS0637,White,Large,59.99,85.01
BS0637-White-Extra Large,B08CZL5C1Q,Traditional Shorts,BS0637,White,Extra Large,59.99,85.01
BS0637-White-Medium,B00LN0D3VE,Traditional Shorts,BS0637,White,Medium,59.99,85.01
BS0637-White-Small,B08KJ5QF3R,Traditional Shorts,BS0637,White,Small,59.99,85.01
BS0637-White-XSmall,B07CNCRV3R,Traditional Shorts,BS0637,White,XSmall,59.99,85.01
BS0637-White-XXLarge,B07G7GS9LH,Traditional Shorts,BS0637,White,XXLarge,59.99,85.01
BS0639-FortuneBlack-Large,B07TVGG1S5,Traditional Shorts,BS0639,FortuneBlack,Large,59.99,85.01
BS0639-FortuneBlack-Medium,B07TWK9TMB,Traditional Shorts,BS0639,FortuneBlack,Medium,59.99,85.01
BS0639-FortuneBlack-Small,B0798RHD92,Traditional Shorts,BS0639,FortuneBlack,Small,59.99,85.01
BS0639-FortuneBlack-XLarge,B00LN0DEIG,Traditional Shorts,BS0639,FortuneBlack,XLarge,59.99,85.01
BS0639-FortuneBlack-XX-Large,B07G7K971H,Traditional Shorts,BS0639,FortuneBlack,XXLarge,59.99,85.01
BS0657-Black-Extra Large,B08D3FMKKC,,,,,59.99,85.01
BS0657-Black-Large,B00WD5O22M,,,,,59.99,85.01
BS0657-Black-Medium,B00WD5O25O,,,,,59.99,85.01
BS0657-Black-Small,B00O1LLEIG,Traditional Shorts,BS0657,Black,Small,59.99,85.01
BS0657-Black-XXLarge,B07G7K5GHD,,,,,59.99,85.01
BS1701 - Yellow - Large,B07CVNV99L,Slim Cut shorts,BS1701,Yellow,Large,59.99,85.01
BS1701 - Yellow - Medium,B07B2ZQ5M8,Slim Cut shorts,BS1701,Yellow,Medium,59.99,85.01
BS1701 - Yellow - Small,B07CVNX743,Slim Cut shorts,BS1701,Yellow,Small,59.99,85.01
BS1701 - Yellow - XLarge,B07B31G2VW,Slim Cut shorts,BS1701,Yellow,XLarge,59.99,85.01
BS1701 - Yellow - XSmall,B0CSG6W55D,Slim Cut shorts,BS1701,Yellow,XSmall,59.99,85.01
BS1701-Yellow-XXLarge,B0CG9W233T,Slim Cut shorts,BS1701,Yellow,XXLarge,59.99,85.01
BS1702 - Blue - Large,B07B31VZVT,Slim Cut shorts,BS1702,Blue,Large,59.99,85.01
BS1702 - Blue - Medium,B07B2Z91XR,Slim Cut shorts,BS1702,Blue,Medium,59.99,85.01
BS1702 - Blue - Small,B07B2ZXYQG,Slim Cut shorts,BS1702,Blue,Small,59.99,85.01
BS1702 - Blue - X-Small,B0B4PT9G11,Slim Cut shorts,BS1702,Blue,XSmall,59.99,85.01
BS1702 - Blue - XLarge,B07B2ZFNVR,Slim Cut shorts,BS1702,Blue,XLarge,59.99,85.01
BS1703 - Red/Black - Small,B07B311NPJ,Slim Cut shorts,BS1703,Red/Black,Small,59.99,85.01
BS1703 - Red/Black - XLarge,B07B2ZF6H7,Slim Cut shorts,BS1703,Red/Black,XLarge,59.99,85.01
BS1703 - Red/Black -Medium,B07B2ZWLGN,Slim Cut shorts,BS1703,Red/Black,Medium,59.99,85.01
BS1703- Red/Black - Large,B07B2ZTM58,Slim Cut shorts,BS1703,Red/Black,Large,59.99,85.01
BS1703-Red/Black-XXLarge,B0CG9WV6MM,Slim Cut shorts,BS1703,Red/Black,XXLarge,59.99,85.01
BS1704 - Red/White - Large,B07B2ZMC54,Slim Cut shorts,BS1704,Red/White,Large,59.99,85.01
BS1704 - Red/White - Medium,B07B2Y36RW,Slim Cut shorts,BS1704,Red/White,Medium,59.99,85.01
BS1704 - Red/White - Small,B07B2ZRXTT,Slim Cut shorts,BS1704,Red/White,Small,59.99,85.01
BS1704 - Red/White - XLarge,B07B31GY74,Slim Cut shorts,BS1704,Red/White,XLarge,59.99,85.01
BS1705 - Orange - Large,B07B2ZDMGJ,Slim Cut shorts,BS1705,Orange,Large,59.99,85.01
BS1705 - Orange - Medium,B07B31N6XK,Slim Cut shorts,BS1705,Orange,Medium,59.99,85.01
BS1705 - Orange - Small,B07B2Z2Y3F,Slim Cut shorts,BS1705,Orange,Small,59.99,85.01
BS1705 - Orange - XLarge,B07B2YKX8X,Slim Cut shorts,BS1705,Orange,XLarge,59.99,85.01
BS1706-Green - Medium,B08FJC4H82,Slim Cut shorts,BS1706,Green,Medium,59.99,85.01
BS1706-Green-Large,B07CVMNWMM,Slim Cut shorts,BS1706,Green,Large,59.99,85.01
BS1706-Green-Small,B07FR9MYLQ,Slim Cut shorts,BS1706,Green,Small,59.99,85.01
BS1706-Green-X-Large,B07HWXD4WY,Slim Cut shorts,BS1706,Green,XLarge,59.99,85.01
BS1706-Green-XXLarge,B0CG9Z45BG,Slim Cut shorts,BS1706,Green,XXLarge,59.99,85.01
BS1707 - White - Large,B07HWVC16Q,Slim Cut shorts,BS1707,White,Large,59.99,85.01
BS1707 - White - Medium,B07HX6JRY8,Slim Cut shorts,BS1707,White,Medium,59.99,85.01
BS1707 - White - Small,B07HWYMHGK,Slim Cut shorts,BS1707,White,Small,59.99,85.01
BS1707 - White - X-Large,B07HWXG9GP,Slim Cut shorts,BS1707,White,XLarge,59.99,85.01
BS1707 - White - X-Small,B07LBYY3KL,Slim Cut shorts,BS1707,White,XSmall,59.99,85.01
BS1707 - White - XX-Large,B07LBYZWVK,Slim Cut shorts,BS1707,White,XXLarge,59.99,85.01
BS1708 - Black - Large,B07HWNG49K,Slim Cut shorts,BS1708,Black,Large,59.99,85.01
BS1708 - Black - Medium,B07HWT7WMJ,Slim Cut shorts,BS1708,Black,Medium,59.99,85.01
BS1708 - Black - Small,B07HX61KT3,Slim Cut shorts,BS1708,Black,Small,59.99,85.01
BS1708 - Black - X-Large,B07HWRK62Z,Slim Cut shorts,BS1708,Black,XLarge,59.99,85.01
BS1708 - Black - X-Small,B07LBYD7XB,Slim Cut shorts,BS1708,Black,XSmall,59.99,85.01
BS1708 - Black - XX-Large,B07LBYRK5B,Slim Cut shorts,BS1708,Black,XXLarge,59.99,85.01
BS1709 - Leopard Skin - Large,B07HWWQYKR,Slim Cut shorts,BS1709,Leopard Skin,Large,59.99,85.01
BS1709 - Leopard Skin - Medium,B07HWMVNLZ,Slim Cut shorts,BS1709,Leopard Skin,Medium,59.99,85.01
BS1709 - Leopard Skin - Small,B07HX48CFK,Slim Cut shorts,BS1709,Leopard Skin,Small,59.99,85.01
BS1709 - Leopard Skin - X-Large,B07HWYBSWR,Slim Cut shorts,BS1709,Leopard Skin,XLarge,59.99,85.01
BS1709 - Leopard Skin - X-Small,B07LC34HPV,Slim Cut shorts,BS1709,Leopard Skin,XSmall,59.99,85.01
BS1709 - Leopard Skin - XX-Large,B07LC1F4Y2,Slim Cut shorts,BS1709,Leopard Skin,XXLarge,59.99,85.01
BS1710 - Green Camo - Large,B07LBZVTRG,Slim Cut shorts,BS1710,Green Camo,Large,59.99,85.01
BS1710 - Green Camo - Medium,B07LC1NFP7,Slim Cut shorts,BS1710,Green Camo,Medium,59.99,85.01
BS1710 - Green Camo - Small,B07LC14WYZ,Slim Cut shorts,BS1710,Green Camo,Small,59.99,85.01
BS1710 - Green Camo - X-Large,B07LC1KLVP,Slim Cut shorts,BS1710,Green Camo,XLarge,59.99,85.01
BS1710 - Green Camo - X-Small,B07LC1WC2N,Slim Cut shorts,BS1710,Green Camo,XSmall,59.99,85.01
BS1710 - Green Camo - XX-Large,B07LBZSGXT,,,,,59.99,85.01
BS1711 - Orange Camo - Large,B07LBZRCD7,Slim Cut shorts,BS1711,Orange Camo,Large,59.99,85.01
BS1711 - Orange Camo - Medium,B07LC3L4N7,Slim Cut shorts,BS1711,Orange Camo,Medium,59.99,85.01
BS1711 - Orange Camo - Small,B07LC11VCP,Slim Cut shorts,BS1711,Orange Camo,Small,59.99,85.01
BS1711 - Orange Camo - X-Large,B07LC2GXZT,Slim Cut shorts,BS1711,Orange Camo,XLarge,59.99,85.01
BS1711 - Orange Camo - X-Small,B07LC1SWWH,,,,,59.99,85.01
BS1711 - Orange Camo - XX-Large,B07LC1M35L,,,,,59.99,85.01
BS1712 - White - Small,B07SC4DCN3,Slim Cut shorts,BS1712,White,Small,59.99,85.01
BS1712 - White- Medium,B07SD7QN89,Slim Cut shorts,BS1712,White,Medium,59.99,85.01
BS1712-White-Large,B07SF8MS9S,Slim Cut shorts,BS1712,White,Large,59.99,85.01
BS1712-White-X- Large,B07SF75TFV,Slim Cut shorts,BS1712,White,XLarge,59.99,85.01
BS1712-White-XXLarge,B0CG9W4BBN,Slim Cut shorts,BS1712,White,XXLarge,59.99,85.01
BS1713 - Khaki - Small,B07SC4D3JM,Slim Cut shorts,BS1713,Khaki,Small,59.99,85.01
BS1713-Khaki- Large,B07SD7CWX6,Slim Cut shorts,BS1713,Khaki,Large,59.99,85.01
BS1713-Khaki- Medium,B07S8XXDCG,Slim Cut shorts,BS1713,Khaki,Medium,59.99,85.01
BS1713-Khaki-X- Large,B07SD6THQN,Slim Cut shorts,BS1713,Khaki,XLarge,59.99,85.01
BS1713-Khaki-XXLarge,B0CG9VGPB7,Slim Cut shorts,BS1713,Khaki,XXLarge,59.99,85.01
BS1714 - Pink - Large,B0B814ZG4N,,,,,59.99,85.01
BS1714 - Pink - Medium,B0B812DJ5P,,,,,59.99,85.01
BS1714 - Pink - Small,B0B7ZNNS6T,,,,,59.99,85.01
BS1714 - Pink - X-Large,B0B7ZV5LB2,,,,,59.99,85.01
BS1714 - Pink - XXLarge,B0BXW4Y949,Slim Cut shorts,BS1714,Pink,XXLarge,59.99,85.01
BS1901-Stealth Black- Large,B07ZZM2VJY,Slim Cut shorts,BS1901,Stealth Black,Large,59.99,85.01
BS1901-Stealth Black- Medium,B07ZZLG2QM,Slim Cut shorts,BS1901,Stealth Black,Medium,59.99,85.01
BS1901-Stealth Black- Small,B07ZZMCD5Z,Slim Cut shorts,BS1901,Stealth Black,Small,59.99,85.01
BS1901-Stealth Black-X-Large,B07ZZLL363,Slim Cut shorts,BS1901,Stealth Black,XLarge,59.99,85.01
BS1901-Stealth Black-X-Small,B0CJ5KZ44C,Slim Cut shorts,BS1901,Stealth Black,XSmall,59.99,85.01
BS1901-Stealth Black-XXLarge,B0CG9W26B7,Slim Cut shorts,BS1901,Stealth Black,XXLarge,59.99,85.01
BS1902 - Stealth Gray - Large,B084KZ5J5T,Slim Cut shorts,BS1902,Stealth Gray,Large,59.99,85.01
BS1902 - Stealth Gray - Medium,B084KRTJRY,Slim Cut shorts,BS1902,Stealth Gray,Medium,59.99,85.01
BS1902 - Stealth Gray - Small,B084KXGNPS,Slim Cut shorts,BS1902,Stealth Gray,Small,59.99,85.01
BS1902 - Stealth Gray - Xlarge,B084KZNN38,Slim Cut shorts,BS1902,Stealth Gray,XLarge,59.99,85.01
BS1903 - Black - Large,B09FTLMKKG,Slim Cut shorts,BS1903,Black,Large,59.99,85.01
BS1903 - Black - Medium,B09FTNDNLJ,Slim Cut shorts,BS1903,Black,Medium,59.99,85.01
BS1903 - Black - Small,B09NL9MV3F,Slim Cut shorts,BS1903,Black,Small,59.99,85.01
BS1903 - Black - X-Large,B0B7ZY5HWK,Slim Cut shorts,BS1903,Black,XLarge,59.99,85.01
BS1903 - Black - XX-Large,B0B81HZ6X7,,,,,59.99,85.01
BS1904 - Maroon Fade - Large,B085885B8X,Slim Cut shorts,BS1904,Maroon Fade,Large,59.99,85.01
BS1904 - Maroon Fade - Medium,B0857L7ZFM,Slim Cut shorts,BS1904,Maroon Fade,Medium,59.99,85.01
BS1904 - Maroon Fade - Small,B0857LT9PD,Slim Cut shorts,BS1904,Maroon Fade,Small,59.99,85.01
BS1904 - Maroon Fade - XLarge,B0857LRC3L,Slim Cut shorts,BS1904,Maroon Fade,XLarge,59.99,85.01
BS1904 - Maroon Fade - XXLarge,B0BM932PYG,,,,,59.99,85.01
BS1905-BlueFade-Large,B09FV6V9F7,Slim Cut shorts,BS1905,BlueFade,Large,59.99,85.01
BS1905-BlueFade-Medium,B09FTKLJ9Z,Slim Cut shorts,BS1905,BlueFade,Medium,59.99,85.01
BS1905-BlueFade-Small,B09FTPXVH5,Slim Cut shorts,BS1905,BlueFade,Small,59.99,85.01
BS1905-BlueFade-Xlarge,B09FTMYT92,Slim Cut shorts,BS1905,BlueFade,XLarge,59.99,85.01
BS1905-BlueFade-XXLarge,B0BM92D3RB,,,,,59.99,85.01
BS1906-GreenFade-Large,B09FTN2TZ2,Slim Cut shorts,BS1906,GreenFade,Large,59.99,85.01
BS1906-GreenFade-Medium,B09FTND7L8,Slim Cut shorts,BS1906,GreenFade,Medium,59.99,85.01
BS1906-GreenFade-Small,B09FTMRWXD,Slim Cut shorts,BS1906,GreenFade,Small,59.99,85.01
BS1906-GreenFade-Xlarge,B09FTNXYSP,Slim Cut shorts,BS1906,GreenFade,XLarge,59.99,85.01
BS1906-GreenFade-XXLarge,B0BHHFTDTW,,,,,59.99,85.01
BS1908 - White - Large,B08F21ZQNX,Slim Cut shorts,BS1908,White,Large,59.99,85.01
BS1908 - White - Medium,B08F23YW9F,Slim Cut shorts,BS1908,White,Medium,59.99,85.01
BS1908 - White - Small,B08F24RY35,Slim Cut shorts,BS1908,White,Small,59.99,85.01
BS1908 - White - X-Small,B0CJ5LFZ7S,Slim Cut shorts,BS1908,White,XSmall,59.99,85.01
BS1908 - White - XXLarge,B0BXW6VHP5,Slim Cut shorts,BS1908,White,XXLarge,59.99,85.01
BS1908 - White-X-Large,B08F2B68K9,Slim Cut shorts,BS1908,White,XLarge,59.99,85.01
BS1910 - Golden River - Large,B09FTNJQPS,,,,,59.99,85.01
BS1910 - Golden River - Medium,B09FTLKVY9,,,,,59.99,85.01
BS1910 - Golden River - XLarge,B09FTPT4PJ,,,,,59.99,85.01
BS1910 - Golden River - XXLarge,B0BPS5JY85,,,,,59.99,85.01
BS1910-Golden River-Small,B09FTPR5HJ,Slim Cut shorts,BS1910,Golden River,Small,59.99,85.01
BS1911 Pink/Green L,B09FTPRZLD,Slim Cut shorts,BS1911,Pink/Green,Large,59.99,85.01
BS1911 Pink/Green M,B09FTM1NVM,Slim Cut shorts,BS1911,Pink/Green,Medium,59.99,85.01
BS1911 Pink/Green S,B09FTNTG5S,Slim Cut shorts,BS1911,Pink/Green,Small,59.99,85.01
BS1911 Pink/Green XL,B09FTNQVJQ,Slim Cut shorts,BS1911,Pink/Green,XLarge,59.99,85.01
BS1911 Pink/Green XS,B0BN8RZTC9,,,,,59.99,85.01
BS1911 Pink/Green XXL,B0BN8R6FDH,Slim Cut shorts,BS1911,Pink/Green,XXLarge,59.99,85.01
BS1912-Kabuki-Large,B08VBH46G6,Slim Cut shorts,BS1912,Kabuki,Large,59.99,85.01
BS1912-Kabuki-Medium,B08VBDZKK3,Slim Cut shorts,BS1912,Kabuki,Medium,59.99,85.01
BS1912-Kabuki-Small,B08VC67SHK,Slim Cut shorts,BS1912,Kabuki,Small,59.99,85.01
BS1912-Kabuki-XLarge,B08VBWMWVH,Slim Cut shorts,BS1912,Kabuki,XLarge,59.99,85.01
BS1912-Kabuki-XXLarge,B08VBL6637,,,,,59.99,85.01
BS1913-Tonna-Large,B096Q6LYCP,,,,,59.99,85.01
BS1913-Tonna-Medium,B096Q73ZKP,,,,,59.99,85.01
BS1913-Tonna-Small,B096Q7TYNW,,,,,59.99,85.01
BS1913-Tonna-X-Small,B0CJ5MG9ZQ,Slim Cut shorts,BS1913,Tonna,XSmall,59.99,85.01
BS1913-Tonna-XLarge,B096Q7MJRK,,,,,59.99,85.01
BS1913-Tonna-XXLarge,B0CBQ5WCGQ,Slim Cut shorts,BS1913,Tonna,XXLarge,59.99,85.01
BS1914-PinkAlma-Large,B09NLCX8CK,Slim Cut shorts,BS1914,PinkAlma,Large,59.99,85.01
BS1914-PinkAlma-Medium,B09NLGM9CL,Slim Cut shorts,BS1914,PinkAlma,Medium,59.99,85.01
BS1914-PinkAlma-Small,B09NJQNCSM,Slim Cut shorts,BS1914,PinkAlma,Small,59.99,85.01
BS1914-PinkAlma-X-Large,B0B81NLLSH,,,,,59.99,85.01
BS1915 - Green - Large,B0B81NJC4M,,,,,59.99,85.01
BS1915 - Green - Medium,B0B817BSKM,,,,,59.99,85.01
BS1915 - Green - Small,B0B81KHMX4,,,,,59.99,85.01
BS1915 - Green - X-Large,B0B8135V8J,,,,,59.99,85.01
BS1915 - Green - XX-Large,B0B81HKGV5,,,,,59.99,85.01
BS1917-Jubilee-Large,B09F9ZQ1KP,Slim Cut shorts,BS1917,Jubilee,Large,59.99,85.01
BS1917-Jubilee-Medium,B09FB59Y7L,Slim Cut shorts,BS1917,Jubilee,Medium,59.99,85.01
BS1917-Jubilee-Small,B09FB21FQG,Slim Cut shorts,BS1917,Jubilee,Small,59.99,85.01
BS1917-Jubilee-XLarge,B09FB41GR3,Slim Cut shorts,BS1917,Jubilee,XLarge,59.99,85.01
BS1917-Jubilee-XXLarge,B0BXW67CRK,Slim Cut shorts,BS1917,Jubilee,XXLarge,59.99,85.01
BS1918 - Enso White - Large,B0BSLNS1KC,Slim Cut shorts,BS1918,Enso White,Large,59.99,85.01
BS1918 - Enso White - Medium,B0BSLQQZ3K,Slim Cut shorts,BS1918,Enso White,Medium,59.99,85.01
BS1918 - Enso White - Small,B0BSLNLVN4,Slim Cut shorts,BS1918,Enso White,Small,59.99,85.01
BS1918 - Enso White - XLarge,B0BSLPTKCD,Slim Cut shorts,BS1918,Enso White,XLarge,59.99,85.01
BS1918 - Enso White - XXLarge,B0BSLRL7G4,Slim Cut shorts,BS1918,Enso White,XXLarge,59.99,85.01
BS1919-Stealth Red-Large,B0BYY8HTN3,Slim Cut shorts,BS1919,Stealth Red,Large,59.99,85.01
BS1919-Stealth Red-Medium,B0BYY7GJNX,Slim Cut shorts,BS1919,Stealth Red,Medium,59.99,85.01
BS1919-Stealth Red-Small,B0BYYBCVHL,Slim Cut shorts,BS1919,Stealth Red,Small,59.99,85.01
BS1919-Stealth Red-Xlarge,B0BYY9NZV6,Slim Cut shorts,BS1919,Stealth Red,XLarge,59.99,85.01
BS1919-Stealth Red-XSmall,B0BYY9M968,Slim Cut shorts,BS1919,Stealth Red,XSmall,59.99,85.01
BS1919-Stealth Red-XXLarge,B0BYY9TSKJ,Slim Cut shorts,BS1919,Stealth Red,XXLarge,59.99,85.01
BS1920-Black Lava-Large,B0CHWKN4YM,Slim Cut shorts,BS1920,Black Lava,Large,59.99,85.01
BS1920-Black Lava-Medium,B0CHWLM7BB,Slim Cut shorts,BS1920,Black Lava,Medium,59.99,85.01
BS1920-Black Lava-Small,B0CHWKKQ5N,Slim Cut shorts,BS1920,Black Lava,Small,59.99,85.01
BS1920-Black Lava-X-Large,B0CHWJP4CK,Slim Cut shorts,BS1920,Black Lava,XLarge,59.99,85.01
BS1920-Black Lava-XX-Large,B0CKLTSXQR,,,,,59.99,85.01
BS1921-Black Volcano-Large,B0CHWLHBKZ,Slim Cut shorts,BS1921,Black Volcano,Large,59.99,85.01
BS1921-Black Volcano-Medium,B0CHWLWJ6Q,Slim Cut shorts,BS1921,Black Volcano,Medium,59.99,85.01
BS1921-Black Volcano-Small,B0CHWHF2HS,Slim Cut shorts,BS1921,Black Volcano,Small,59.99,85.01
BS1921-Black Volcano-X-Large,B0CHWKTBNP,Slim Cut shorts,BS1921,Black Volcano,XLarge,59.99,85.01
BS1921-Black Volcano-XX-Large,B0CKLVWT1V,Slim Cut shorts,BS1921,Black Volcano,XXLarge,59.99,85.01
BS1922-Racer Purple-Large,B0CHWMM1N8,Slim Cut shorts,BS1922,Racer Purple,Large,59.99,85.01
BS1922-Racer Purple-Medium,B0CHWMP1ZS,Slim Cut shorts,BS1922,Racer Purple,Medium,59.99,85.01
BS1922-Racer Purple-Small,B0CHWLYG96,Slim Cut shorts,BS1922,Racer Purple,Small,59.99,85.01
BS1922-Racer Purple-X-Large,B0CHWTGVNB,Slim Cut shorts,BS1922,Racer Purple,XLarge,59.99,85.01
BS1922-Racer Purple-XX-Large,B0CKLTSB1N,Slim Cut shorts,BS1922,Racer Purple,XXLarge,59.99,85.01
BS1923-Racer White-Large,B0CHWMWHYG,Slim Cut shorts,BS1923,Racer White,Large,59.99,85.01
BS1923-Racer White-Medium,B0CHWP6DTS,Slim Cut shorts,BS1923,Racer White,Medium,59.99,85.01
BS1923-Racer White-Small,B0CHWNG5HR,Slim Cut shorts,BS1923,Racer White,Small,59.99,85.01
BS1923-Racer White-X-Large,B0CHWMB41K,Slim Cut shorts,BS1923,Racer White,XLarge,59.99,85.01
BS1923-Racer White-XX-Large,B0CKLSJYMP,Slim Cut shorts,BS1923,Racer White,XXLarge,59.99,85.01
BS1924-Racer Black-Large,B0CHWP137W,Slim Cut shorts,BS1924,Racer Black,Large,59.99,85.01
BS1924-Racer Black-Medium,B0CHWNQQ8X,Slim Cut shorts,BS1924,Racer Black,Medium,59.99,85.01
BS1924-Racer Black-Small,B0CHWMJFM2,Slim Cut shorts,BS1924,Racer Black,Small,59.99,85.01
BS1924-Racer Black-X-Large,B0CHWL18LW,Slim Cut shorts,BS1924,Racer Black,XLarge,59.99,85.01
BS1924-Racer Black-XX-Large,B0CKLRQ6RT,Slim Cut shorts,BS1924,Racer Black,XXLarge,59.99,85.01
BS1926-MagmaRed-Large,B0CST5CMLG,Slim Cut shorts,BS1926,MagmaRed,Large,59.99,85.01
BS1926-MagmaRed-Medium,B0CST7SZ3J,Slim Cut shorts,BS1926,MagmaRed,Medium,59.99,85.01
BS1926-MagmaRed-Small,B0CST6VP7J,Slim Cut shorts,BS1926,MagmaRed,Small,59.99,85.01
BS1926-MagmaRed-X-Large,B0CST5R2F8,Slim Cut shorts,BS1926,MagmaRed,XLarge,59.99,85.01
BS1926-MagmaRed-XX-Large,B0CST5PYXR,Slim Cut shorts,BS1926,MagmaRed,XXLarge,59.99,85.01
BS1927-MagmaGreen-Large,B0CST6XYVJ,Slim Cut shorts,BS1927,MagmaGreen,Large,59.99,85.01
BS1927-MagmaGreen-Medium,B0CST6K3ND,Slim Cut shorts,BS1927,MagmaGreen,Medium,59.99,85.01
BS1927-MagmaGreen-Small,B0CST67SQT,Slim Cut shorts,BS1927,MagmaGreen,Small,59.99,85.01
BS1927-MagmaGreen-X-Large,B0CST5Q4RZ,Slim Cut shorts,BS1927,MagmaGreen,XLarge,59.99,85.01
BS1927-MagmaGreen-XX-Large,B0CST6C9J8,Slim Cut shorts,BS1927,MagmaGreen,XXLarge,59.99,85.01
BS1928-Green/Blue-Large,B0CZ4CFF8Z,Slim Cut shorts,BS1928,Green/Blue,Large,59.99,85.01
BS1928-Green/Blue-Medium,B0CZ4G15RN,Slim Cut shorts,BS1928,Green/Blue,Medium,59.99,85.01
BS1928-Green/Blue-Small,B0CZ4GMFV8,Slim Cut shorts,BS1928,Green/Blue,Small,59.99,85.01
BS1928-Green/Blue-X-Large,B0CZ4F4SM2,Slim Cut shorts,BS1928,Green/Blue,XLarge,59.99,85.01
BS1928-Green/Blue-XX-Large,B0CZ4GSVRD,Slim Cut shorts,BS1928,Green/Blue,XXLarge,59.99,85.01
BS1929-Pink/Blue-Large,B0CZ4G76MZ,Slim Cut shorts,BS1929,Pink/Blue,Large,59.99,85.01
BS1929-Pink/Blue-Medium,B0CZ4F476B,Slim Cut shorts,BS1929,Pink/Blue,Medium,59.99,85.01
BS1929-Pink/Blue-Small,B0CZ4GV2D1,Slim Cut shorts,BS1929,Pink/Blue,Small,59.99,85.01
BS1929-Pink/Blue-X-Large,B0CZ4FSF8D,Slim Cut shorts,BS1929,Pink/Blue,XLarge,59.99,85.01
BS1929-Pink/Blue-XX-Large,B0CZ4FMTVJ,Slim Cut shorts,BS1929,Pink/Blue,XXLarge,59.99,85.01
BS1930-BlueOcean-Large,B0CXQ4MF2L,,,,,59.99,85.01
BS1930-BlueOcean-Medium,B0CXQ528KZ,,,,,59.99,85.01
BS1930-BlueOcean-Small,B0CXQ2R83D,,,,,59.99,85.01
BS1930-BlueOcean-X-Large,B0CXQ5G5J3,,,,,59.99,85.01
BS1930-BlueOcean-XX-Large,B0CXQ7C43P,,,,,59.99,85.01
BS1931-HeartofGold-Large,B0CTM1Z625,Slim Cut shorts,BS1931,HeartofGold,Large,59.99,85.01
BS1931-HeartofGold-Medium,B0CTLRCHCQ,Slim Cut shorts,BS1931,HeartofGold,Medium,59.99,85.01
BS1931-HeartofGold-Small,B0CTLX1M5T,,,,,59.99,85.01
BS1931-HeartofGold-X-Large,B0CTLKMD8M,Slim Cut shorts,BS1931,HeartofGold,XLarge,59.99,85.01
BS1931-HeartofGold-XX-Large,B0CXQ62GYX,,,,,59.99,85.01
BS1934-Black-Large,B0CTLRCT2W,Slim Cut shorts,BS1934,Black,Large,64.99,92.1
BS1934-Black-Medium,B0CTLPPFZZ,Slim Cut shorts,BS1934,Black,Medium,64.99,92.1
BS1934-Black-Small,B0CTLQ17TW,Slim Cut shorts,BS1934,Black,Small,64.99,92.1
BS1934-Black-X-Large,B0CTLNDMHG,Slim Cut shorts,BS1934,Black,XLarge,64.99,92.1
BS1934-Black-XX-Large,B0CZ4D4YM7,Slim Cut shorts,BS1934,Black,XXLarge,64.99,92.1
BS1935-Sapphire-Large,B0CZ4GHWFW,Slim Cut shorts,BS1935,Sapphire,Large,64.99,92.1
BS1935-Sapphire-Medium,B0CZ4F6HN9,Slim Cut shorts,BS1935,Sapphire,Medium,64.99,92.1
BS1935-Sapphire-Small,B0CZ4FG3CQ,Slim Cut shorts,BS1935,Sapphire,Small,64.99,92.1
BS1935-Sapphire-X-Large,B0CZ4DYY36,Slim Cut shorts,BS1935,Sapphire,XLarge,64.99,92.1
BS1935-Sapphire-XX-Large,B0CZ4G93CP,Slim Cut shorts,BS1935,Sapphire,XXLarge,64.99,92.1
BS1936-RedDiamond-Large,B0CZ4DXPWL,Slim Cut shorts,BS1936,RedDiamond,Large,64.99,92.1
BS1936-RedDiamond-Medium,B0CZ4FF1V1,Slim Cut shorts,BS1936,RedDiamond,Medium,64.99,92.1
BS1936-RedDiamond-Small,B0CZ4G99MG,Slim Cut shorts,BS1936,RedDiamond,Small,64.99,92.1
BS1936-RedDiamond-X-Large,B0CZ4FD19Z,Slim Cut shorts,BS1936,RedDiamond,XLarge,64.99,92.1
BS1936-RedDiamond-XX-Large,B0CZ4F8L3V,Slim Cut shorts,BS1936,RedDiamond,XXLarge,64.99,92.1
BS1938-BlackAcidJazz-Large,B0CZ78SZS6,Slim Cut shorts,BS1938,BlackAcidJazz,Large,64.99,92.1
BS1938-BlackAcidJazz-Medium,B0CZ78WVW5,Slim Cut shorts,BS1938,BlackAcidJazz,Medium,64.99,92.1
BS1938-BlackAcidJazz-Small,B0CZ78ZWFN,Slim Cut shorts,BS1938,BlackAcidJazz,Small,64.99,92.1
BS1938-BlackAcidJazz-X-Large,B0CZ7B377Z,Slim Cut shorts,BS1938,BlackAcidJazz,XLarge,64.99,92.1
BS1938-BlackAcidJazz-XX-Large,B0CZ7BDHHD,Slim Cut shorts,BS1938,BlackAcidJazz,XXLarge,64.99,92.1
BS1941-Dawn-Large,B0D9YPYX65,Slim Cut shorts,BS1941,Dawn,Large,64.99,92.1
BS1941-Dawn-Medium,B0D9YPJZ7M,Slim Cut shorts,BS1941,Dawn,Medium,64.99,92.1
BS1941-Dawn-Small,B0D9YNLSWN,Slim Cut shorts,BS1941,Dawn,Small,64.99,92.1
BS1941-Dawn-X-Large,B0D9YQWJZD,Slim Cut shorts,BS1941,Dawn,Extra Large,64.99,92.1
BS1942-Dusk-Large,B0D9YRFB4Q,Slim Cut shorts,BS1942,Dusk,Large,64.99,92.1
BS1942-Dusk-Medium,B0D9YQ6PPZ,Slim Cut shorts,BS1942,Dusk,Medium,64.99,92.1
BS1942-Dusk-Small,B0D9YMXL24,Slim Cut shorts,BS1942,Dusk,Small,64.99,92.1
BS1942-Dusk-X-Large,B0D9YQC75B,Slim Cut shorts,BS1942,Dusk,Extra Large,64.99,92.1
BS1949-GrungeBlack-Large,B0D8JHPF5C,Slim Cut shorts,BS1949,Grunge Black,Large,64.99,92.1
BS1949-GrungeBlack-Medium,B0D8JK5D4B,Slim Cut shorts,BS1949,Grunge Black,Medium,64.99,92.1
BS1949-GrungeBlack-Small,B0D8JMBFGJ,Slim Cut shorts,BS1949,Grunge Black,Small,64.99,92.1
BS1949-GrungeBlack-X-Large,B0D8JHWP8B,Slim Cut shorts,BS1949,Grunge Black,Extra Large,64.99,92.1
BS1949-GrungeBlack-XX-Large,B0DNMR3VFZ,Slim Cut shorts,BS1949,GrungeBlack,XXLarge,64.99,92.1
BS1952-JungleHunter-Large,B0DNMYK18N,Slim Cut shorts,BS1952,JungleHunter,Large,64.99,92.1
BS1952-JungleHunter-Medium,B0DNMXTY8T,Slim Cut shorts,BS1952,JungleHunter,Medium,64.99,92.1
BS1952-JungleHunter-Small,B0DNMYBBPV,Slim Cut shorts,BS1952,JungleHunter,Small,64.99,92.1
BS1952-JungleHunter-X-Large,B0DNMX66YX,Slim Cut shorts,BS1952,JungleHunter,Xlarge,64.99,92.1
BS1952-JungleHunter-XX-Large,B0DNMX58D4,Slim Cut shorts,BS1952,JungleHunter,XXLarge,64.99,92.1
BSK2101 - Eternal Flame - 6-8yrs,B0B4HHN9N4,Boxing shorts for kids,BSK2101,Eternal Flame,6-8 yrs,39.99,56.67
BSK2101 - Eternal Flame - 8-10yrs,B0B4HJJRMR,Boxing shorts for kids,BSK2101,Eternal Flame,8-10 yrs,39.99,56.67
BSK2102 - Summer - 6-8yrs,B0B4HJ2Q3C,Boxing shorts for kids,BSK2102,Summer,6-8 yrs,39.99,56.67
BSK2102 - Summer - 8-10yrs,B0B4HJSGM5,Boxing shorts for kids,BSK2102,Summer,8-10 yrs,39.99,56.67
BSK2104 - Midnight Red - 6-8yrs,B0B4HHJ9D4,Boxing shorts for kids,BSK2104,Midnight Red,6-8 yrs,39.99,56.67
BSK2104 - Midnight Red - 8-10yrs,B0B4HH4JV8,Boxing shorts for kids,BSK2104,Midnight Red,8-10 yrs,39.99,56.67
BSK2106 - Siam - 6-8yrs,B0B4HGXKX9,Boxing shorts for kids,BSK2106,Siam,6-8 yrs,39.99,56.67
BSK2106 - Siam - 8-10yrs,B0B4HH7YT4,Boxing shorts for kids,BSK2106,Siam,8-10 yrs,39.99,56.67
BSK2107 - Turquoise - 6-8yrs,B0B4HNT4SG,Boxing shorts for kids,BSK2107,Turquoise,6-8 yrs,39.99,56.67
BSK2107 - Turquoise - 8-10yrs,B0B4HHJW5T,Boxing shorts for kids,BSK2107,Turquoise,8-10 yrs,39.99,56.67
BSK2108 - Silent Warrior - 6-8yrs,B0B4HHTXFH,Boxing shorts for kids,BSK2108,Silent Warrior,6-8 yrs,39.99,56.67
BSK2108 - Silent Warrior - 8-10yrs,B0B4HJBHDJ,Boxing shorts for kids,BSK2108,Silent Warrior,8-10 yrs,39.99,56.67
BXP1-Black-STD,B08CTVNQX2,Paddle,BXP1,Black,Standard,66,93.53
BXP1-Blue-STD,B08CTZ2QJ3,Paddle,BXP1,Blue,Standard,66,93.53
BXP1-Red-STD,B08CTXJV25,Paddle,BXP1,Red,Standard,66,93.53
BXS1 - Blue,B09NML7PGZ,Boxing Sticks,BXS1,Blue,Standard,64.99,92.1
BXS1- Black,B0B7BF82YB,Boxing Sticks,BXS1,Black,Standard,64.99,92.1
BXS1- Red,B0B7B7H9GL,Boxing Sticks,BXS1,Red,Standard,64.99,92.1
EBE1 - Black - Free Size,B0D9NSWQ74,Elbow Pads,EBE1,Black,Standard,34.99,49.58
EBE1 - Blue - Free Size,B01K1YTZ9Q,Elbow Pads,EBE1,Blue,Standard,34.99,49.58
EBE1 - Red - Free Size,B07TTFT2NJ,Elbow Pads,EBE1,Red,Standard,34.99,49.58
EBE1-Black,B0D9NSWQ74,,,,,34.99,49.58
FGV18-Black-Large,B0BN5N4VLR,Gloves,FGV18,Black,Large,89,126.12
FGV18-Black-Medium,B0BN5MLV5X,Gloves,FGV18,Black,Medium,89,126.12
FGV18-Black-Small,B0BN5LX883,Gloves,FGV18,Black,Small,89,126.12
FGV18-Black-X-Large,B0BN5MJN4M,Gloves,FGV18,Black,XLarge,89,126.12
FGV18-Black/Blue-Large,B07PHL9T1D,Gloves,FGV18,Black/Blue,Large,89,126.12
FGV18-Black/Blue-Medium,B07PFFM9S3,Gloves,FGV18,Black/Blue,Medium,89,126.12
FGV18-Black/Blue-Small,B07PDHS3ZN,Gloves,FGV18,Black/Blue,Small,89,126.12
FGV18-Black/Blue-Xlarge,B07PGKWQDM,Gloves,FGV18,Black/Blue,XLarge,89,126.12
FGV18-Black/Red-Large,B07PHLGYH6,Gloves,FGV18,Black/Red,Large,89,126.12
FGV18-Black/Red-Medium,B07PDHS674,Gloves,FGV18,Black/Red,Medium,89,126.12
FGV18-Black/Red-Small,B07PFFMKLZ,Gloves,FGV18,Black/Red,Small,89,126.12
FGV18-Black/Red-Xlarge,B07PGK11WH,Gloves,FGV18,Black/Red,XLarge,89,126.12
FGV18-Black/Yellow-Large,B07PGKYRZ9,Gloves,FGV18,Black/Yellow,Large,89,126.12
FGV18-Black/Yellow-Medium,B07PGJ2M9B,Gloves,FGV18,Black/Yellow,Medium,89,126.12
FGV18-Black/Yellow-Small,B07PGHFJMC,Gloves,FGV18,Black/Yellow,Small,89,126.12
FGV18-Black/Yellow-Xlarge,B07PFFKM11,Gloves,FGV18,Black/Yellow,XLarge,89,126.12
FMV11-Black/White-PRO,B08CMQY2PG,Focus Mitts,FMV11,Black/White,Standard,125,177.14
FMV13-Black,B07ZPD6FYS,Focus Mitts,FMV13,Black,Standard,160,226.74
FMV13-Black/Yellow,B09NMSJH52,Focus Mitts,FMV13,Black/Yellow,Standard,160,226.74
FMV13-Blue/Red,B07HWPLJMP,Focus Mitts,FMV13,Blue/Red,Standard,160,226.74
FMV13-Red/Black,B07HWSDMCL,Focus Mitts,FMV13,Red/Black,Standard,160,226.74
FMV13-Red/Blue,B00XRG0EOG,Focus Mitts,FMV13,Red/Blue,Standard,160,226.74
FMV15 - Black/Gold,B08J4CKYJB,Focus Mitts,FMV15,Black/Gold,Standard,99,140.29
FMV15-Black,B08V855MZ9,Focus Mitts,FMV15,Black,Standard,99,140.29
FMV15-Black/Red,B08V8921VD,Focus Mitts,FMV15,Black/Red,Standard,99,140.29
FMV9 - Black/Red,B07FPT65ZC,Focus Mitts,FMV9,Black/Red,Standard,125,177.14
FMV9 - Black/White,B07TTFV6S4,Focus Mitts,FMV9,Black/White,Standard,125,177.14
FMV9 - Black/Yellow,B07D336DVD,Focus Mitts,FMV9,Black/Yellow,Standard,125,177.14
FMV9 - Blue/Black,B08CR1MZ4M,,,,,124.99,177.12
FMV9 - Red/Black,B0764K97MF,Focus Mitts,FMV9,Red/Black,Standard,125,177.14
FMV9 - Red/White,B006K40R1C,Focus Mitts,FMV9,Red/White,Standard,125,177.14
FMV9-Black/Blue,B07FPVC8DM,Focus Mitts,FMV9,Black/Blue,Standard,125,177.14
FMV9-Black/Maroon-PRO,B08J44J82H,Focus Mitts,FMV9,Black/Maroon,Standard,125,177.14
FMV9-Pink/White-PRO,B07FPVJKD2,Focus Mitts,FMV9,Pink/White,Standard,125,177.14
FMV9-Yellow/Black,B08TPBNJ7Z,,,,,124.99,177.12
GC2-Black-Large,B08V8LYB35,Groin Protectors - Cup,GC2,Black,Large,44.99,63.76
GC2-Black-Medium,B08V8M5G5H,Groin Protectors - Cup,GC2,Black,Medium,44.99,63.76
GC2-Black-XLarge,B08V8NVS9Z,Groin Protectors - Cup,GC2,Black,XLarge,44.99,63.76
GC2-Blue-Large,B07B3YD1CW,Groin Protectors - Cup,GC2,Blue,Large,44.99,63.76
GC2-Blue-Medium,B08V83QYY2,Groin Protectors - Cup,GC2,Blue,Medium,44.99,63.76
GC2-Blue-XLarge,B08V8DR4DD,Groin Protectors - Cup,GC2,Blue,XLarge,44.99,63.76
GC2-Red-Large,B08V8XLYZ3,Groin Protectors - Cup,GC2,Red,Large,44.99,63.76
GC2-Red-Medium,B078V5H9GG,Groin Protectors - Cup,GC2,Red,Medium,44.99,63.76
GC2-Red-XL,B078V2JCXW,Groin Protectors - Cup,GC2,Red,XLarge,44.99,63.76
GC2-White-Large,B08V8P8TB6,Groin Protectors - Cup,GC2,White,Large,44.99,63.76
GC2-White-Medium,B08V8FRVPW,Groin Protectors - Cup,GC2,White,Medium,44.99,63.76
GC2-White-XLarge,B08V8H2VWB,Groin Protectors - Cup,GC2,White,XLarge,44.99,63.76
GC3 - Large,B0BLNZKQXK,Compression shorts,GC3,Black,Large,64.99,92.1
GC3 - Medium,B0BLNZRYL7,Compression shorts,GC3,Black,Medium,64.99,92.1
Glove-Deodorizer,B0DDVB352Z,Glove Deodorizer,Glove-Deodorizer,Gray,Standard,14.99,21.24
HB10-Bowling Bag,B076MVHL13,Heavy Bags,HB10,Black,Standard,340,481.81
HB11 - Black,B076NFKP4G,Heavy Bags,HB11,Black,Standard,230,325.93
HB12-Black-50X147CM,B076MWXKBL,Heavy Bags,HB12,Black,50X147CM,340,481.81
HB16 - Black - 58X46cm,B08F51H6JX,Heavy Bags,HB16,Black,58X46cm,185,262.16
HB3-Black/Red-40X100CM,B08CGHKXW4,Heavy Bags,HB3,Black/Red,40X100CM,285,403.87
HB4-Blue/White/Red-3FT,B08CGKXL9L,Heavy Bags,HB4,Blue/White/Red,3FT,285,403.87
HB6 - Black - Muay Thai Banana Bag,B006CV65R8,Heavy Bags,HB6,Black,6 FT,295.99,419.45
HB6 - Black/Gold,B08886Z9ZC,Heavy Bags,HB6,Black/Gold,6 FT,295.99,419.45
HB6 -Green-Muay Thai Banana Bag,B078TYXYRM,Heavy Bags,HB6,Green,6 FT,295.99,419.45
HB6-Blue,B07BP8GBVB,Heavy Bags,HB6,Blue,6 FT,295.99,419.45
HB6-Pink-Muay Thai Banana Bag,B0B67XYNNM,Heavy Bags,HB6,Pink,6 FT,295.99,419.45
HB6-Red-Muay Thai Banana Bag,B07V5WL3TJ,Heavy Bags,HB6,Red,6 FT,295.99,419.45
HB6-Yellow-Muay Thai Banana Bag,B09NL5WJVJ,Heavy Bags,HB6,Yellow,6 FT,295.99,419.45
HB6TB-Brown-6FT,B076PLKF3X,Heavy Bags,HB6TB,Brown,6FT,340,481.81
HB7 - Pole Bag,B00PFED47M,Heavy Bags,HB7,Black,7 FT,340,481.81
HG10 - Black - XLarge,B00KR9CWV4,Head Gear,HG10,Black,XLarge,125,177.14
HG10 - White - Large,B00O1S26GS,Head Gear,HG10,White,Large,125,177.14
HG10 - White - XLarge,B00O1S29MO,Head Gear,HG10,White,XLarge,125,177.14
HG10-Black/White-Large,B07HWNG49R,Head Gear,HG10,Black/White,Large,125,177.14
HG10-Black/White-Medium,B00KR9CU8E,Head Gear,HG10,Black/White,Medium,125,177.14
HG10-Black/White-Small,B07YLYX5K1,Head Gear,HG10,Black/White,Small,125,177.14
HG10-White-Medium,B07HX2ZD3B,Head Gear,HG10,White,Medium,125,177.14
HG13 Full Head - Black - Large,B07HWPJ9H9,,,,,119.99,170.04
HG13 Full Head - Black - Medium,B07HX76WDT,,,,,119.99,170.04
HG13 Full Head - Black - XLarge,B07HWYBSX2,,,,,119.99,170.04
HG13 Full Head-Black/Red-Large,B07HX9JHBG,Head Gear,HG13 Full Head,Black/Red,Large,135,191.31
HG13 Full Head-Black/Red-Large,B07HX9JHBG,Head Gear,HG13 Full Head,Black/Red,Large,135,191.31
HG13 Full Head-Black/Red-Medium,B07HX686BR,Head Gear,HG13 Full Head,Black/Red,Medium,135,191.31
HG13 Full Head-Black/Red-XLarge,B07HWMLTHC,Head Gear,HG13 Full Head,Black/Red,XLarge,135,191.31
HG13L-Black-Large,B07HWX7C7G,Head Gear,HG13L,Black,Large,135,191.31
HG13L-Black-Medium,B07HWSY4GS,Head Gear,HG13L,Black,Medium,135,191.31
HG13L-Black-X-Large,B07HX39BQZ,Head Gear,HG13L,Black,XLarge,135,191.31
HG13L-Black/Red-Large,B00O1S2KGY,Head Gear,HG13L,Black/Red,Large,135,191.31
HG13L-Black/Red-Medium,B00O1S2G1S,Head Gear,HG13L,Black/Red,Medium,135,191.31
HG13L-Black/Red-XLarge,B07HWVWNGH,Head Gear,HG13L,Black/Red,XLarge,135,191.31
HG16M2-Black/Gold-Large,B0CVS7JNKW,Head Gear,HG16M2,Black/Gold,Large,99.99,141.7
HG16M2-Black/Gold-Medium,B0CVS5X1ND,Head Gear,HG16M2,Black/Gold,Medium,99.99,141.7
HG16M2-Black/Gold-X-Large,B0CVQR9DY8,Head Gear,HG16M2,Black/Gold,XLarge,99.99,141.7
HG16M2-Gold-Large,B07LFJDD77,Head Gear,HG16M2,Gold,Large,99.99,141.7
HG16M2-Gold-Medium,B07LFK9P9W,,,,,99.99,141.7
HG16M2-Gold-X-Large,B07LFJR8MN,Head Gear,HG16M2,Gold,XLarge,99.99,141.7
HG17-Green-Large,B0BXW46F3D,Head Gear,HG17,Green,Large,135,191.31
HG17-Green-Medium,B0BXW331KR,Head Gear,HG17,Green,Medium,135,191.31
HG17-Green-XLarge,B0BXW1W9TF,Head Gear,HG17,Green,XLarge,135,191.31
HG17-Purple-Large,B0BXVX8NWD,Head Gear,HG17,Purple,Large,135,191.31
HG17-Purple-Medium,B0BXW4NY34,Head Gear,HG17,Purple,Medium,135,191.31
HG17-Purple-XLarge,B0BXVZGQM8,Head Gear,HG17,Purple,XLarge,135,191.31
HG17-Red-Large,B0BXW4HW6C,,,,,134.99,191.29
HG17-Red-Medium,B0BXVZ45JH,Head Gear,HG17,Red,Medium,135,191.31
HG17-Red-XLarge,B0BXW2NMHC,Head Gear,HG17,Red,XLarge,135,191.31
HG3 - Black - Large,B00KR9CZMA,Head Gear,HG3,Black,Large,115,162.97
HG3 - Black - Small,B00KR9D0VK,Head Gear,HG3,Black,Small,115,162.97
HG3 -Black -Medium,B09QKLDS5G,Head Gear,HG3,Black,Medium,115,162.97
HG3-Black-Extra Large,B00KR9D204,Head Gear,HG3,Black,Extra Large,115,162.97
HG6-Back-Medium,B081TS7G5V,Head Gear,HG6,Black,Medium,135,191.31
HG6-Black-Extra Large,B08FZQKQM6,Head Gear,HG6,Black,Extra Large,135,191.31
HG6-Black-Large,B08FZQ86LC,Head Gear,HG6,Black,Large,135,191.31
HG6-Blue-Extra Large,B08CMTMK8Z,Head Gear,HG6,Blue,Extra Large,135,191.31
HG6-Blue-Large,B08CN19ZS1,Head Gear,HG6,Blue,Large,135,191.31
HG6-Blue-Medium,B08CMJX2T1,Head Gear,HG6,Blue,Medium,135,191.31
HG6-Red-Extra Large,B08CKGXSVC,Head Gear,HG6,Red,Extra Large,135,191.31
HG6-Red-Large,B08CK9FVFP,Head Gear,HG6,Red,Large,135,191.31
HG6-Red-Medium,B08CKP8PQB,Head Gear,HG6,Red,Medium,135,191.31
HW2-Black-120,B0793KXHT9,Hand Wraps,HW2,Black,120,19.99,28.33
HW2-Black-180,B0793D8N5F,Hand Wraps,HW2,Black,180,19.99,28.33
HW2-Blue-120,B07B2YZKNB,Hand Wraps,HW2,Blue,120,19.99,28.33
HW2-Blue-180,B0793JGFHV,Hand Wraps,HW2,Blue,180,19.99,28.33
HW2-Gray-120,B07LFC28NW,Hand Wraps,HW2,Gray,120,19.99,28.33
HW2-Gray-180,B07HWZFP6J,Hand Wraps,HW2,Gray,180,19.99,28.33
HW2-Mint Green-120,B09466RLP5,Hand Wraps,HW2,Mint Green,120,19.99,28.33
HW2-Mint Green-180,B07HX5G39G,Hand Wraps,HW2,Mint Green,180,19.99,28.33
HW2-Olive Green-120,B07B2ZL8HX,Hand Wraps,HW2,Olive Green,120,19.99,28.33
HW2-Olive Green-180,B07HX5G39D,Hand Wraps,HW2,Olive Green,180,19.99,28.33
HW2-Orange-120,B07B2ZXGLV,Hand Wraps,HW2,Orange,120,19.99,28.33
HW2-Orange-180,B07HWX4QV6,Hand Wraps,HW2,Orange,180,19.99,28.33
HW2-Pink-120,B0793K2SX1,Hand Wraps,HW2,Pink,120,19.99,28.33
HW2-Pink-180,B0793K9FYX,Hand Wraps,HW2,Pink,180,19.99,28.33
HW2-Pink-180,B0793K9FYX,,,,,24.99,35.41
HW2-Red-120,B0793JJTYV,Hand Wraps,HW2,Red,120,19.99,28.33
HW2-Red-180,B0793L451J,Hand Wraps,HW2,Red,180,19.99,28.33
HW2-Red/White-120,B07B2ZRLC3,Hand Wraps,HW2,Red/White,120,24.99,35.41
HW2-Red/White-180,B0797YQ79S,Hand Wraps,HW2,Red/White,180,24.99,35.41
HW2-Thai Flag-120,B07B2ZJG58,Hand Wraps,HW2,Thai Flag,120,24.99,35.41
HW2-ThaiFlag-180,B0793LBRFG,Hand Wraps,HW2,Thai Flag,180,24.99,35.41
HW2-White-120,B07B2ZKGJ8,Hand Wraps,HW2,White,120,19.99,28.33
HW2-White-180,B07B2Z8P7S,Hand Wraps,HW2,White,180,19.99,28.33
HW2-Yellow-120,B09463GQN3,Hand Wraps,HW2,Yellow,120,19.99,28.33
HW2-Yellow-180,B07HWVDFF4,Hand Wraps,HW2,Yellow,180,19.99,28.33
HW3-Black-L/XL,B0CSG4W6FB,Hand Wraps,HW3,Black,Large/Extra Large,29.99,42.5
HW3-Black-S/M,B0CCPLJZWM,Hand Wraps,HW3,Black,Small/Medium,29.99,42.5
HW3-Green-L/XL,B0C22BW4L1,Hand Wraps,HW3,Green,Large/Extra Large,29.99,42.5
HW3-Green-S/M,B0C22TR1VR,Hand Wraps,HW3,Green,Small/Medium,29.99,42.5
HW3-Pink-L/XL,B0CSG9LRKQ,Hand Wraps,HW3,Pink,Large/Extra Large,29.99,42.5
HW3-Pink-S/M,B0CSG91FBL,Hand Wraps,HW3,Pink,Small/Medium,29.99,42.5
HW3-White-S/M,B09FTHLHY5,Hand Wraps,HW3,White,Small/Medium,29.99,42.5
KPLC1-Small,B07TWK97VF,Thai Pads,KPLC1,Black/White,Small,155,219.65
KPLC1-Small-Black/Blue,B0CQ2VKBXF,Thai Pads,KPLC1,Black/Blue,Small,155,219.65
KPLC1-Small-Black/Red,B0CQ2YD664,Thai Pads,KPLC1,Black/Red,Small,155,219.65
KPLC2 - StandardCurved,B006CV6W6M,Thai Pads,KPLC2,Black/White,StandardCurved,180,255.08
KPLC2-Standard-Black/Blue,B09NDX68JM,Thai Pads,KPLC2,Black/Blue,Standard,180,255.08
KPLC2-Standard-Black/Red,B09NDX2711,Thai Pads,KPLC2,Black/Red,Standard,180,255.08
KPLC2-Standard-Black/Yellow,B077WDW37H,Thai Pads,KPLC2,Black/Yellow,Standard,180,255.08
KPLC3 - Extra-Thick,B07BT2T9BZ,Thai Pads,KPLC3,Black/White,Extra Thick,185,262.16
KPLC3 - Extra-Thick-Black/Blue,B0CQ2ZC5VX,Thai Pads,KPLC3,Black/Blue,Extra Thick,185,262.16
KPLC3 - Extra-Thick-Black/Red,B0CQ2YN44Y,Thai Pads,KPLC3,Black/Red,Extra Thick,185,262.16
KPLC4-Extra-Long,B07TT9BGVK,Thai Pads,KPLC4,Black/White,Extra Long,180,255.08
KPLC4-Extra-Long-Black/Blue,B0CQ2XJC3N,Thai Pads,KPLC4,Black/Blue,Extra Long,180,255.08
KPLC4-Extra-Long-Black/Red,B0CQ2Y79VM,Thai Pads,KPLC4,Black/Red,Extra Long,180,255.08
KPLC5 - Gold/Black - STD,B07LBZGQJD,Thai Pads,KPLC5,Gold/Black,Standard,180,255.08
KPLC5-Black,B01BA72PJU,Thai Pads,KPLC5,Black,Standard,180,255.08
KPLC6 - Black,B076PG4JMD,Thai Pads,KPLC6,Black,Standard,170,240.91
KPLC6-Black/Red,B086VP94L9,Thai Pads,KPLC6,Black/Red,Standard,170,240.91
KPLC6-Gold,B086VPBNWQ,Thai Pads,KPLC6,Gold,Standard,170,240.91
KPLS2 - Black - STD,B00PM9XRZ4,Thai Pads,KPLS2,Black,Standard,230,325.93
LKP1-Black/Blue,B018RRES2I,Thigh Pads,LKP1,Black/Blue,Standard,135,191.31
LKP1-Black/Red,B08VC1QJZP,Thigh Pads,LKP1,Black/Red,Standard,135,191.31
LKP1-Black/White,B07MS8VT2M,Thigh Pads,LKP1,Black/White,Standard,135,191.31
LKP2-Brown/Black-STD,B08CRPQ2TK,Thigh Pads,LKP2,Brown/Black,Standard,135,191.31
MG3-Black-STD,B074LS4VZB,Mouth Guard,MG3,Black,Standard,29.99,42.5
MG3-White-STD,B074M1NZS1,Mouth Guard,MG3,White,Standard,29.99,42.5
RedTP3,B07FPFNWWY,Thigh Pads,TP3,Red,Standard,235.99,334.42
ROPE3 -Black,B08Q3FCW4D,Jump Ropes,ROPE3,Black,Standard,34.99,49.58
ROPE3 -Blue,B08XJG2PQY,Jump Ropes,ROPE3,Blue,Standard,34.99,49.58
ROPE3 -Light Blue,B08XK9XX2V,Jump Ropes,ROPE3,Light Blue,Standard,34.99,49.58
ROPE3 -Pink,B08XJG4QZ1,Jump Ropes,ROPE3,Pink,Standard,34.99,49.58
ROPE3 -Red,B08XJN7R4B,Jump Ropes,ROPE3,Red,Standard,34.99,49.58
SB2-Black-STD,B08CRGB8FM,Boxing Speed Bags,SB2,Black,Standard,60,85.03
SB2-Blue-STD,B08CRMX15X,Boxing Speed Bags,SB2,Blue,Standard,60,85.03
SB2-Gold-STD,B08CRKQMW4,Boxing Speed Bags,SB2,Gold,Standard,60,85.03
SB2-Red-STD,B08CRLWGZ6,Boxing Speed Bags,SB2,Red,Standard,60,85.03
SOCK1-White/Black-11-12,B0DK9PN67Z,Socks,SOCK01,White/Black,11-12,14.99,21.24
SOCK1-White/Black-13-14,B0DK9PKHKN,Socks,SOCK01,White/Black,13-14,14.99,21.24
SOCK1-White/Black-9-10,B0DK9N3WFJ,Socks,SOCK01,White/Black,9-10,14.99,21.24
SOCK1-White/Blue-11-12,B0DK9PGMHD,Socks,SOCK01,White/Blue,11-12,14.99,21.24
SOCK1-White/Blue-13-14,B0DK9QSLMS,Socks,SOCK01,White/Blue,13-14,14.99,21.24
SOCK1-White/Blue-9-10,B0DK9P2TCS,Socks,SOCK01,White/Blue,9-10,14.99,21.24
SOCK1-White/Green-11-12,B0DK9PKDX7,Socks,SOCK01,White/Green,11-12,14.99,21.24
SOCK1-White/Green-13-14,B0DK9QKGXY,Socks,SOCK01,White/Green,13-14,14.99,21.24
SOCK1-White/Green-9-10,B0DK9Q4DSG,Socks,SOCK01,White/Green,9-10,14.99,21.24
SOCK1-White/Red-11-12,B0DK9PQ3VZ,Socks,SOCK01,White/Red,11-12,14.99,21.24
SOCK1-White/Red-13-14,B0DK9PVWTP,Socks,SOCK01,White/Red,13-14,14.99,21.24
SOCK1-White/Red-9-10,B0DK9ML92T,Socks,SOCK01,White/Red,9-10,14.99,21.24
SP3 - Black - Medium,B07959JSR7,Shin Guards,SP3,Black,Medium,90,127.54
SP3-Black-Extra Large,B00O1S2EGA,Shin Guards,SP3,Black,Extra Large,90,127.54
SP3-Black-Large,B00O1S27SA,Shin Guards,SP3,Black,Large,90,127.54
SP3-Black-Small,B00O1S2B54,Shin Guards,SP3,Black,Small,90,127.54
SP3-Blue- Small,B08THQYRST,Shin Guards,SP3,Blue,Small,90,127.54
SP3-Blue-Extra Large,B00O1S3B6W,Shin Guards,SP3,Blue,Extra Large,90,127.54
SP3-Blue-Large,B00O1S34L4,Shin Guards,SP3,Blue,Large,90,127.54
SP3-Blue-Medium,B00O1S2XEI,Shin Guards,SP3,Blue,Medium,90,127.54
SP3-Red-Extra Large,B00O1S3EF0,Shin Guards,SP3,Red,Extra Large,90,127.54
SP3-Red-Large,B0795B3W6W,Shin Guards,SP3,Red,Large,90,127.54
SP3-Red-Medium,B00O1S30HW,Shin Guards,SP3,Red,Medium,90,127.54
SP3-Red-Small,B00O1S2U0K,Shin Guards,SP3,Red,Small,90,127.54
SP3-White-Large,B0795935VJ,Shin Guards,SP3,White,Large,90,127.54
SP3-White-Medium,B0795952M5,Shin Guards,SP3,White,Medium,90,127.54
SP3-White-Small,B07958V484,Shin Guards,SP3,White,Small,90,127.54
SP3-White-XLarge,B07959QXLL,Shin Guards,SP3,White,Extra Large,90,127.54
SP3-Yellow-Large,B07958SWM9,Shin Guards,SP3,Yellow,Large,90,127.54
SP3-Yellow-Medium,B07959HMSB,Shin Guards,SP3,Yellow,Medium,90,127.54
SP3-Yellow-Small,B0795BDNF6,Shin Guards,SP3,Yellow,Small,90,127.54
SP3-Yellow-Xlarge,B07958ZG1K,Shin Guards,SP3,Yellow,Extra Large,90,127.54
SP5 - Black - XSmall,B0882PVCKP,Shin Guards,SP5,Black,XSmall,95,134.62
SP5 - Blue - XSmall,B0B65VZCYL,Shin Guards,SP5,Blue,XSmall,95,134.62
SP5 - Red - XSmall,B0882LQ4DV,Shin Guards,SP5,Red,XSmall,95,134.62
SP5 - White - Large,B07ZZH3NGZ,Shin Guards,SP5,White,Large,95,134.62
SP5 - White - Medium,B07ZZFVMRZ,Shin Guards,SP5,White,Medium,95,134.62
SP5 - White - Small,B07ZZCTPY6,Shin Guards,SP5,White,Small,95,134.62
SP5 - White - XLarge,B07ZZGR25H,Shin Guards,SP5,White,Extra Large,95,134.62
SP5 - White - XSmall,B0882PJJT2,Shin Guards,SP5,White,XSmall,95,134.62
SP5 - Yellow - Extra Large,B073QXGS7Z,Shin Guards,SP5,Yellow,Extra Large,95,134.62
SP5 - Yellow - XSmall,B0882Y297K,Shin Guards,SP5,Yellow,XSmall,95,134.62
SP5-Black-Extra Large,B00O1S1OFW,Shin Guards,SP5,Black,Extra Large,95,134.62
SP5-Black-Large,B00O1S1L64,Shin Guards,SP5,Black,Large,95,134.62
SP5-Black-Medium,B00O1S1HUE,Shin Guards,SP5,Black,Medium,95,134.62
SP5-Black-Small,B00O1S1DTY,Shin Guards,SP5,Black,Small,95,134.62
SP5-Blue-Large,B07958YZCV,Shin Guards,SP5,Blue,Large,95,134.62
SP5-Blue-Medium,B07958XN32,Shin Guards,SP5,Blue,Medium,95,134.62
SP5-Blue-Small,B009QYOOUI,Shin Guards,SP5,Blue,Small,95,134.62
SP5-Blue-Xlarge,B009QYOPAW,Shin Guards,SP5,Blue,Extra Large,95,134.62
SP5-Red-Extra Large,B009QYQ3A2,Shin Guards,SP5,Red,Extra Large,95,134.62
SP5-Red-Large,B009QYQ32A,Shin Guards,SP5,Red,Large,95,134.62
SP5-Red-Medium,B009QYQ2T4,Shin Guards,SP5,Red,Medium,95,134.62
SP5-Red-Small,B07959YQN6,Shin Guards,SP5,Red,Small,95,134.62
SP5-Yellow-Large,B01AVT0KKY,Shin Guards,SP5,Yellow,Large,95,134.62
SP5-Yellow-Medium,B01AVT0LPI,Shin Guards,SP5,Yellow,Medium,95,134.62
SP5-Yellow-Small,B0756JMLHX,Shin Guards,SP5,Yellow,Small,95,134.62
SP6 - White/Black - Large,B009QYOXUE,Shin Guards,SP6,White/Black,Large,90,127.54
SP6 - White/Black - Medium,B009QYQ56E,Shin Guards,SP6,White/Black,Medium,90,127.54
SP6-Black-Large,B07HWMW2BT,Shin Guards,SP6,Black,Large,90,127.54
SP6-Black-Medium,B07HWTRBGQ,Shin Guards,SP6,Black,Medium,90,127.54
SP6-Black-Small,B00O1S2PE6,Shin Guards,SP6,Black,Small,90,127.54
SP6-Black-Xlarge,B07HWQRMWR,Shin Guards,SP6,Black,XLarge,90,127.54
SP6-Blue-Large,B082VWHKHS,Shin Guards,SP6,Blue,Large,90,127.54
SP6-Blue-Medium,B082VWZCXP,Shin Guards,SP6,Blue,Medium,90,127.54
SP6-Blue-Small,B082VX251R,Shin Guards,SP6,Blue,Small,90,127.54
SP6-Blue-Xlarge,B082VWRZN8,Shin Guards,SP6,Blue,XLarge,90,127.54
SP6-Red-Large,B082VWQ5CW,Shin Guards,SP6,Red,Large,90,127.54
SP6-Red-Medium,B082VWWF57,Shin Guards,SP6,Red,Medium,90,127.54
SP6-Red-Small,B082VWL4WL,Shin Guards,SP6,Red,Small,90,127.54
SP6-Red-Xlarge,B082VX44WN,Shin Guards,SP6,Red,XLarge,90,127.54
SP6-White/Black-Small,B009QYQ4ZQ,Shin Guards,SP6,White/Black,Small,90,127.54
SP6-White/Black-Xlarge,B07DLDHWDH,Shin Guards,SP6,White/Black,XLarge,90,127.54
SP7 - Black - Medium,B07GGYJWVX,Shin Guards,SP7,Black,Medium,100,141.71
SP7 - Black - Small,B075C7Q17M,Shin Guards,SP7,Black,Small,100,141.71
SP7 - Red - Extra Large,B075C1JX5H,Shin Guards,SP7,Red,Extra Large,100,141.71
SP7- Yellow- Small,B07HM43QR6,Shin Guards,SP7,Yellow,Small,100,141.71
SP7-Black-Extra Large,B07HX3TNTW,Shin Guards,SP7,Black,Extra Large,100,141.71
SP7-Black-Large,B07G9NYG78,Shin Guards,SP7,Black,Large,100,141.71
SP7-Blue - Small,B08TP4RMH3,Shin Guards,SP7,Blue,Small,100,141.71
SP7-Blue-Extra Large,B01B6ESTHY,Shin Guards,SP7,Blue,Extra Large,100,141.71
SP7-Blue-Large,B00RDZGKYK,Shin Guards,SP7,Blue,Large,100,141.71
SP7-Blue-Medium,B00RDZGLBC,Shin Guards,SP7,Blue,Medium,100,141.71
SP7-Red-Large,B07HX4J5MW,Shin Guards,SP7,Red,Large,100,141.71
SP7-Red-Medium,B00I8CWQH2,Shin Guards,SP7,Red,Medium,100,141.71
SP7-Red-Small,B08CDBRN5Y,Shin Guards,SP7,Red,Small,100,141.71
SP7-White-Extra Large,B075C57GZM,Shin Guards,SP7,White,Extra Large,100,141.71
SP7-White-Large,B00RDZGKZO,Shin Guards,SP7,White,Large,100,141.71
SP7-White-Medium,B00RDZGKY0,Shin Guards,SP7,White,Medium,100,141.71
SP7-White-Small,B07F5SBNGP,Shin Guards,SP7,White,Small,100,141.71
SP7-Yellow-Extra Large,B00RDZGL1C,Shin Guards,SP7,Yellow,Extra Large,100,141.71
SP7-Yellow-Large,B07HWV5KGQ,Shin Guards,SP7,Yellow,Large,100,141.71
SP7-Yellow-Medium,B00RDZGKVS,Shin Guards,SP7,Yellow,Medium,100,141.71
SP8 - Brown - Medium,B09LLHRW42,Shin Guards,SP8,Brown,Medium,99,140.29
SP8-Black-Extra Large,B08CGP5RG9,Shin Guards,SP8,Black,Extra Large,99,140.29
SP8-Black-Large,B08CGK1DBQ,Shin Guards,SP8,Black,Large,99,140.29
SP8-Black-Medium,B08CGGMNY4,Shin Guards,SP8,Black,Medium,99,140.29
SP8-Black-Small,B08CGYB5WW,Shin Guards,SP8,Black,Small,99,140.29
SP8-Blue-Extra Large,B09J1228JS,Shin Guards,SP8,Blue,Extra Large,99,140.29
SP8-Blue-Large,B09HZZL5CL,Shin Guards,SP8,Blue,Large,99,140.29
SP8-Blue-Medium,B09HZZ1YHV,Shin Guards,SP8,Blue,Medium,99,140.29
SP8-Blue-Small,B09HZZ9LWC,Shin Guards,SP8,Blue,Small,99,140.29
SP8-Brown -Small,B07B66NSLP,Shin Guards,SP8,Brown,Small,99,140.29
SP8-Brown-Extra Large,B07S376X32,Shin Guards,SP8,Brown,Extra Large,99,140.29
SP8-Brown-Large,B07TSBCXWL,Shin Guards,SP8,Brown,Large,99,140.29
SP8-Red-Extra Large,B09J11Z86G,Shin Guards,SP8,Red,Extra Large,99,140.29
SP8-Red-Large,B09HZZYHZJ,Shin Guards,SP8,Red,Large,99,140.29
SP8-Red-Small,B09HZZSPDL,Shin Guards,SP8,Red,Small,99,140.29
SP8-White-Extra Large,B09HZYVSRT,Shin Guards,SP8,White,Extra Large,99,140.29
SP8-White-Large,B09HZZTMG2,Shin Guards,SP8,White,Large,99,140.29
SP8-White-Medium,B09J1284JW,Shin Guards,SP8,White,Medium,99,140.29
SP8-White-Small,B09J127K2F,Shin Guards,SP8,White,Small,99,140.29
SP9-Black-Large,B0D6W9122B,Shin Guards,SP9,Black,Large,99.99,141.7
SP9-Black-Medium,B0D6W99XDJ,Shin Guards,SP9,Black,Medium,99.99,141.7
SP9-Black-Small,B0D6W8YTBM,Shin Guards,SP9,Black,Small,99.99,141.7
SP9-Black-XLarge,B0D6WBC1PN,Shin Guards,SP9,Black,XLarge,99.99,141.7
SP9-Blue-Large,B0D6WFSVC7,Shin Guards,SP9,Blue,Large,99.99,141.7
SP9-Blue-Medium,B0D6W9FSRP,Shin Guards,SP9,Blue,Medium,99.99,141.7
SP9-Blue-Small,B0D6W96J4Q,Shin Guards,SP9,Blue,Small,99.99,141.7
SP9-Blue-XLarge,B0D6WBR9ZP,Shin Guards,SP9,Blue,XLarge,99.99,141.7
SP9-Red-Large,B0D6W7G2MG,Shin Guards,SP9,Red,Large,99.99,141.7
SP9-Red-Medium,B0D6WBKZWG,Shin Guards,SP9,Red,Medium,99.99,141.7
SP9-Red-Small,B0D6WB519R,Shin Guards,SP9,Red,Small,99.99,141.7
SP9-Red-XLarge,B0D6WDD8VP,Shin Guards,SP9,Red,XLarge,99.99,141.7
SPE1 - Black - Free Size,B0B81XVB2H,Shin Guards,SPE1,Black,Standard,49.99,70.84
SPE1 - Blue - Free Size,B07S37C51X,Shin Guards,SPE1,Blue,Standard,39.95,56.61
SPE1 - Red - Free Size,B07TSBDM2V,Shin Guards,SPE1,Red,Standard,49.99,70.84
SPK9-Black-10-12yrs,B09NQM7SRB,Shin Guards,SPK9,Black,10-12 yrs,75,106.28
SPK9-Black-8-10yrs,B09NQKBWV6,Shin Guards,SPK9,Black,8-10 yrs,75,106.28
SPK9-Blue-10-12yrs,B09NQKCNN7,Shin Guards,SPK9,Blue,10-12 yrs,75,106.28
SPK9-Blue-8-10yrs,B09NQJTYPL,Shin Guards,SPK9,Blue,8-10 yrs,75,106.28
SPK9-Red-10-12yrs,B09NQJST3W,Shin Guards,SPK9,Red,10-12 yrs,75,106.28
SPK9-Red-8-10yrs,B09NQKV4ND,Shin Guards,SPK9,Red,8-10 yrs,75,106.28
TB1-Black,B08V8LF88M,Heavy Bags,TB1,Black,Standard,230,325.93
TG03-Pink/Black-Large,B01LYB3HNO,Gloves,TGO3,Pink/Black,Large,75,106.28
TGO3-Black-Large,B00TU4PVAG,Gloves,TGO3,Black,Large,75,106.28
TGO3-Black-Medium,B00TU4PV4M,Gloves,TGO3,Black,Medium,75,106.28
TGO3-Black-XLarge,B0797Z39JL,Gloves,TGO3,Black,XLarge,75,106.28
TGO3-Black/White/Red- Extra Large,B07B422148,Gloves,TGO3,Black/White/Red,Extra Large,75,106.28
TGO3-Black/White/Red-Large,B01LWOJGCA,Gloves,TGO3,Black/White/Red,Large,75,106.28
TGO3-Black/White/Red-Medium,B08D686BV5,Gloves,TGO3,Black/White/Red,Medium,75,106.28
TGO3-Blue-Large,B0797YPNW3,Gloves,TGO3,Blue,Large,75,106.28
TGO3-Blue-Medium,B00TU4PV88,Gloves,TGO3,Blue,Medium,75,106.28
TGO3-Blue-XLarge,B0797ZC1QL,Gloves,TGO3,Blue,XLarge,75,106.28
TGO3-Pink/Black-Medium,B01M0L466G,Gloves,TGO3,Pink/Black,Medium,75,106.28
TGO3-Pink/Black-Xlarge,B084ZXVY1C,Gloves,TGO3,Pink/Black,XLarge,75,106.28
TGO3-Red-Large,B00TU4PV1K,Gloves,TGO3,Red,Large,75,106.28
TGO3-Red-Medium,B00TU4PV2Y,Gloves,TGO3,Red,Medium,75,106.28
TGO3-Red-Xlarge,B0797YTJJ5,Gloves,TGO3,Red,XLarge,75,106.28
TGO3-White-Large,B00TU4PV10,Gloves,TGO3,White,Large,75,106.28
TGO3-White-Medium,B00TU4PVAQ,Gloves,TGO3,White,Medium,75,106.28
TGO3-White-X-Large,B07S49F8CY,Gloves,TGO3,White,XLarge,75,106.28
TGO3-Yellow-Large,B00TU4PV4W,Gloves,TGO3,Yellow,Large,75,106.28
TGO3-Yellow-Medium,B00TU4PV3I,Gloves,TGO3,Yellow,Medium,75,106.28
TGO3-Yellow-Xlarge,B084ZXTPY6,Gloves,TGO3,Yellow,XLarge,75,106.28
TP4 - Black - Free Size,B076PLYXS9,Thigh Pads,TP4,Black,Standard,150,212.56
TS4-Vintage T White-Large,B0CKWDRBTM,Teeshirt,TS4,Vintage T White,Large,44.99,63.76
TS4-Vintage T White-Medium,B0CKWF5HWP,Teeshirt,TS4,Vintage T White,Medium,44.99,63.76
TS4-Vintage T White-Small,B0CKWDV9H1,Teeshirt,TS4,Vintage T White,Small,44.99,63.76
TS4-Vintage T White-XLarge,B0CKWCVJM3,Teeshirt,TS4,Vintage T White,XLarge,44.99,63.76
TS4-Vintage T-Large,B084ZWR3W4,Teeshirt,TS4,Vintage T,Large,44.99,63.76
TS4-Vintage T-Medium,B084ZXDTNY,Teeshirt,TS4,Vintage T,Medium,44.99,63.76
TS4-Vintage T-Small,B084ZXJPSB,Teeshirt,TS4,Vintage T,Small,44.99,63.76
TS4-Vintage T-XLarge,B084ZXF6QJ,Teeshirt,TS4,Vintage T,XLarge,44.99,63.76
TS4-Vintage T-XXLarge,B0CR4B3TBT,Teeshirt,JS20,Black,XXLarge,44.99,63.76
TV2-Black/Red-STD,B08CRR19XD,Belly Pads,TV2,Black/Red,Standard,197,279.17
UC1 - Black - STD,B07TTFTG92,Heavy Bags,UC1,Black,Standard,405,573.93
VS3 Set-Black/Brown-M,B0CNRXPYZ3,Sweat Suit,VS3 Set,Black/Brown,Medium,94.99,134.61
VS3 Set-Black/Brown-S,B0CNRXJGWR,Sweat Suit,VS3 Set,Black/Brown,Small,94.99,134.61
